t,p_1,p_2,mob_A,imm_A,diss_A,seal_A,mob_B,imm_B,diss_B,seal_B,M_C,total_CO2_mass
600,1.114034E+05,1.055046E+05,1.151E-05,0.000E+00,1.627E-05,6.384E-07,0.000E+00,0.000E+00,2.235E-36,6.384E-07,1.821E-09,2.055E-04
1200,1.114140E+05,1.055108E+05,9.808E-05,1.132E-07,1.149E-04,1.120E-05,0.000E+00,0.000E+00,1.376E-28,1.120E-05,2.285E-08,4.110E-04
1800,1.114079E+05,1.055071E+05,1.891E-04,7.323E-07,2.108E-04,3.463E-05,0.000E+00,0.000E+00,7.309E-26,3.463E-05,2.322E-08,6.165E-04
2400,1.114061E+05,1.055061E+05,3.011E-04,6.829E-07,2.820E-04,5.645E-05,0.000E+00,0.000E+00,2.086E-23,5.645E-05,3.648E-08,8.220E-04
3000,1.114102E+05,1.055096E+05,4.137E-04,0.000E+00,3.519E-04,7.281E-05,0.000E+00,0.000E+00,1.798E-21,7.281E-05,9.814E-07,1.027E-03
3600,1.114075E+05,1.055083E+05,5.123E-04,3.124E-06,4.316E-04,8.690E-05,0.000E+00,0.000E+00,4.962E-20,8.690E-05,8.341E-06,1.233E-03
4200,1.114045E+05,1.055062E+05,6.577E-04,6.651E-07,4.601E-04,9.947E-05,0.000E+00,0.000E+00,1.819E-18,9.947E-05,7.786E-05,1.438E-03
4800,1.114111E+05,1.055116E+05,7.509E-04,1.977E-06,5.438E-04,1.031E-04,0.000E+00,0.000E+00,1.155E-17,1.031E-04,1.977E-04,1.644E-03
5400,1.114055E+05,1.055071E+05,9.015E-04,1.353E-07,5.559E-04,1.104E-04,0.000E+00,0.000E+00,1.048E-16,1.104E-04,9.179E-04,1.849E-03
6000,1.114108E+05,1.055113E+05,9.840E-04,7.336E-06,6.388E-04,1.137E-04,0.000E+00,0.000E+00,3.485E-16,1.137E-04,1.796E-03,2.055E-03
6600,1.114107E+05,1.055112E+05,1.147E-03,0.000E+00,6.449E-04,1.203E-04,0.000E+00,0.000E+00,1.455E-15,1.203E-04,5.669E-03,2.260E-03
7200,1.114063E+05,1.055078E+05,1.216E-03,6.731E-06,7.198E-04,1.234E-04,0.000E+00,0.000E+00,2.918E-15,1.234E-04,9.152E-03,2.466E-03
7800,1.114097E+05,1.055105E+05,1.371E-03,0.000E+00,7.323E-04,1.293E-04,0.000E+00,0.000E+00,6.632E-15,1.293E-04,2.100E-02,2.671E-03
8400,1.114078E+05,1.055090E+05,1.453E-03,4.214E-06,7.741E-04,1.348E-04,0.000E+00,0.000E+00,1.094E-14,1.348E-04,3.194E-02,2.976E-03
9000,1.114134E+05,1.055136E+05,1.578E-03,2.169E-07,8.142E-04,1.386E-04,0.000E+00,0.000E+00,1.726E-14,1.386E-04,5.616E-02,3.380E-03
9600,1.114093E+05,1.055105E+05,1.714E-03,0.000E+00,8.219E-04,1.461E-04,0.000E+00,0.000E+00,2.790E-14,1.461E-04,9.374E-02,3.784E-03
10200,1.114157E+05,1.055156E+05,1.773E-03,9.372E-06,8.959E-04,1.491E-04,0.000E+00,0.000E+00,3.887E-14,1.491E-04,1.235E-01,4.188E-03
10800,1.114164E+05,1.055163E+05,1.923E-03,0.000E+00,9.037E-04,1.551E-04,0.000E+00,0.000E+00,6.180E-14,1.551E-04,1.940E-01,4.591E-03
11400,1.114125E+05,1.055140E+05,2.013E-03,4.714E-06,9.347E-04,1.591E-04,0.000E+00,0.000E+00,8.462E-14,1.591E-04,2.579E-01,4.995E-03
12000,1.114172E+05,1.055149E+05,2.117E-03,0.000E+00,9.784E-04,1.625E-04,0.000E+00,0.000E+00,1.097E-13,1.625E-04,3.440E-01,5.399E-03
12600,1.114189E+05,1.055144E+05,2.262E-03,0.000E+00,9.830E-04,1.694E-04,0.000E+00,0.000E+00,1.541E-13,1.694E-04,4.900E-01,5.803E-03
13200,1.114149E+05,1.055103E+05,2.320E-03,7.144E-06,1.037E-03,1.724E-04,0.000E+00,0.000E+00,2.433E-13,1.724E-04,5.745E-01,6.207E-03
13800,1.114197E+05,1.055111E+05,2.440E-03,2.124E-07,1.058E-03,1.762E-04,0.000E+00,0.000E+00,1.014E-12,1.762E-04,7.451E-01,6.610E-03
14400,1.114179E+05,1.055086E+05,2.539E-03,0.000E+00,1.063E-03,1.826E-04,0.000E+00,0.000E+00,6.764E-12,1.826E-04,8.720E-01,7.014E-03
15000,1.114116E+05,1.055056E+05,2.566E-03,0.000E+00,1.065E-03,1.854E-04,6.319E-06,0.000E+00,2.917E-05,1.854E-04,9.051E-01,7.418E-03
15600,1.114184E+05,1.055067E+05,2.571E-03,0.000E+00,1.068E-03,1.876E-04,3.399E-05,4.265E-07,1.669E-04,1.876E-04,9.105E-01,7.822E-03
16200,1.114145E+05,1.055049E+05,2.573E-03,0.000E+00,1.071E-03,1.898E-04,8.793E-05,1.639E-07,2.951E-04,1.898E-04,9.126E-01,8.226E-03
16800,1.114216E+05,1.055057E+05,2.574E-03,0.000E+00,1.074E-03,1.920E-04,1.415E-04,7.941E-08,4.259E-04,1.920E-04,9.138E-01,8.629E-03
17400,1.114195E+05,1.055051E+05,2.575E-03,0.000E+00,1.077E-03,1.940E-04,2.019E-04,1.565E-06,5.485E-04,1.940E-04,9.149E-01,9.033E-03
18000,1.114201E+05,1.055048E+05,2.575E-03,0.000E+00,1.080E-03,1.961E-04,2.637E-04,8.861E-07,6.730E-04,1.961E-04,9.159E-01,9.437E-03
18600,1.113860E+05,1.055006E+05,2.528E-03,0.000E+00,1.095E-03,1.970E-04,1.973E-04,2.614E-06,7.710E-04,1.970E-04,8.692E-01,9.438E-03
19200,1.113911E+05,1.055011E+05,2.509E-03,0.000E+00,1.104E-03,1.987E-04,1.704E-04,1.990E-06,8.019E-04,1.987E-04,8.503E-01,9.438E-03
19800,1.113935E+05,1.055014E+05,2.496E-03,0.000E+00,1.111E-03,2.006E-04,1.567E-04,1.491E-06,8.148E-04,2.006E-04,8.386E-01,9.438E-03
20400,1.113939E+05,1.055014E+05,2.486E-03,0.000E+00,1.118E-03,2.026E-04,1.433E-04,2.063E-06,8.244E-04,2.026E-04,8.302E-01,9.438E-03
21000,1.113943E+05,1.055014E+05,2.478E-03,0.000E+00,1.123E-03,2.045E-04,1.291E-04,3.212E-06,8.332E-04,2.045E-04,8.235E-01,9.438E-03
21600,1.113950E+05,1.055015E+05,2.471E-03,0.000E+00,1.129E-03,2.065E-04,1.170E-04,3.007E-06,8.405E-04,2.065E-04,8.179E-01,9.438E-03
22200,1.113953E+05,1.055015E+05,2.465E-03,0.000E+00,1.134E-03,2.085E-04,1.050E-04,3.426E-06,8.467E-04,2.085E-04,8.130E-01,9.438E-03
22800,1.113957E+05,1.055016E+05,2.459E-03,0.000E+00,1.139E-03,2.105E-04,9.435E-05,3.465E-06,8.516E-04,2.105E-04,8.086E-01,9.438E-03
23400,1.113958E+05,1.055016E+05,2.453E-03,0.000E+00,1.144E-03,2.125E-04,8.427E-05,4.056E-06,8.551E-04,2.125E-04,8.046E-01,9.438E-03
24000,1.113959E+05,1.055016E+05,2.448E-03,0.000E+00,1.149E-03,2.144E-04,7.385E-05,5.712E-06,8.578E-04,2.144E-04,8.008E-01,9.438E-03
24600,1.113960E+05,1.055016E+05,2.443E-03,0.000E+00,1.154E-03,2.164E-04,6.510E-05,6.138E-06,8.600E-04,2.164E-04,7.972E-01,9.438E-03
25200,1.113960E+05,1.055016E+05,2.437E-03,0.000E+00,1.159E-03,2.184E-04,5.607E-05,7.073E-06,8.620E-04,2.184E-04,7.936E-01,9.438E-03
25800,1.113964E+05,1.055016E+05,2.432E-03,0.000E+00,1.164E-03,2.203E-04,5.056E-05,5.557E-06,8.630E-04,2.203E-04,7.902E-01,9.438E-03
26400,1.113967E+05,1.055017E+05,2.427E-03,0.000E+00,1.169E-03,2.222E-04,4.512E-05,5.136E-06,8.630E-04,2.222E-04,7.868E-01,9.438E-03
27000,1.113966E+05,1.055017E+05,2.422E-03,0.000E+00,1.174E-03,2.241E-04,4.006E-05,4.623E-06,8.627E-04,2.241E-04,7.835E-01,9.438E-03
27600,1.113967E+05,1.055017E+05,2.416E-03,0.000E+00,1.180E-03,2.261E-04,3.525E-05,4.078E-06,8.623E-04,2.261E-04,7.802E-01,9.438E-03
28200,1.113966E+05,1.055017E+05,2.411E-03,9.132E-08,1.185E-03,2.279E-04,2.935E-05,4.814E-06,8.617E-04,2.279E-04,7.770E-01,9.438E-03
28800,1.113970E+05,1.055017E+05,2.405E-03,0.000E+00,1.190E-03,2.298E-04,2.674E-05,3.150E-06,8.603E-04,2.298E-04,7.738E-01,9.438E-03
29400,1.113971E+05,1.055017E+05,2.400E-03,2.273E-07,1.195E-03,2.317E-04,2.387E-05,3.037E-06,8.576E-04,2.317E-04,7.708E-01,9.438E-03
30000,1.113971E+05,1.055017E+05,2.394E-03,3.227E-08,1.201E-03,2.335E-04,2.125E-05,3.182E-06,8.544E-04,2.335E-04,7.678E-01,9.438E-03
30600,1.113972E+05,1.055017E+05,2.389E-03,0.000E+00,1.206E-03,2.354E-04,1.920E-05,2.975E-06,8.511E-04,2.354E-04,7.650E-01,9.438E-03
31200,1.113972E+05,1.055017E+05,2.383E-03,1.382E-07,1.212E-03,2.372E-04,1.695E-05,3.124E-06,8.475E-04,2.372E-04,7.625E-01,9.438E-03
31800,1.113972E+05,1.055017E+05,2.377E-03,5.711E-07,1.218E-03,2.390E-04,1.540E-05,2.548E-06,8.439E-04,2.390E-04,7.601E-01,9.438E-03
32400,1.113973E+05,1.055017E+05,2.369E-03,2.833E-06,1.223E-03,2.408E-04,1.338E-05,2.935E-06,8.400E-04,2.408E-04,7.582E-01,9.438E-03
33000,1.113976E+05,1.055018E+05,2.363E-03,3.873E-06,1.228E-03,2.426E-04,1.250E-05,2.489E-06,8.358E-04,2.426E-04,7.570E-01,9.438E-03
33600,1.113975E+05,1.055017E+05,2.357E-03,5.344E-06,1.233E-03,2.443E-04,1.145E-05,2.439E-06,8.315E-04,2.443E-04,7.566E-01,9.438E-03
34200,1.113976E+05,1.055018E+05,2.341E-03,1.533E-05,1.238E-03,2.461E-04,1.062E-05,2.204E-06,8.272E-04,2.461E-04,7.562E-01,9.438E-03
34800,1.113976E+05,1.055018E+05,2.329E-03,2.326E-05,1.243E-03,2.479E-04,1.032E-05,1.565E-06,8.229E-04,2.479E-04,7.566E-01,9.438E-03
35400,1.113977E+05,1.055018E+05,2.321E-03,2.585E-05,1.248E-03,2.496E-04,9.503E-06,1.574E-06,8.185E-04,2.496E-04,7.577E-01,9.438E-03
36000,1.113978E+05,1.055018E+05,2.316E-03,2.642E-05,1.253E-03,2.514E-04,8.862E-06,1.389E-06,8.143E-04,2.514E-04,7.596E-01,9.438E-03
36600,1.113978E+05,1.055018E+05,2.312E-03,2.581E-05,1.257E-03,2.531E-04,8.275E-06,1.367E-06,8.100E-04,2.531E-04,7.625E-01,9.438E-03
37200,1.113978E+05,1.055018E+05,2.310E-03,2.389E-05,1.262E-03,2.548E-04,7.971E-06,1.077E-06,8.057E-04,2.548E-04,7.662E-01,9.438E-03
37800,1.113978E+05,1.055018E+05,2.308E-03,2.129E-05,1.266E-03,2.565E-04,7.000E-06,1.563E-06,8.014E-04,2.565E-04,7.709E-01,9.438E-03
38400,1.113978E+05,1.055018E+05,2.306E-03,1.890E-05,1.271E-03,2.582E-04,6.759E-06,1.293E-06,7.973E-04,2.582E-04,7.767E-01,9.438E-03
39000,1.113978E+05,1.055018E+05,2.304E-03,1.607E-05,1.276E-03,2.599E-04,6.339E-06,1.216E-06,7.933E-04,2.599E-04,7.836E-01,9.438E-03
39600,1.113979E+05,1.055018E+05,2.302E-03,1.357E-05,1.280E-03,2.616E-04,6.085E-06,9.789E-07,7.895E-04,2.616E-04,7.919E-01,9.438E-03
40200,1.113979E+05,1.055018E+05,2.300E-03,1.132E-05,1.284E-03,2.633E-04,5.495E-06,1.110E-06,7.858E-04,2.633E-04,8.017E-01,9.438E-03
40800,1.113980E+05,1.055018E+05,2.298E-03,9.479E-06,1.288E-03,2.650E-04,5.236E-06,1.026E-06,7.821E-04,2.650E-04,8.128E-01,9.438E-03
41400,1.113980E+05,1.055018E+05,2.296E-03,7.890E-06,1.292E-03,2.667E-04,4.793E-06,1.076E-06,7.786E-04,2.667E-04,8.252E-01,9.438E-03
42000,1.113980E+05,1.055018E+05,2.294E-03,6.502E-06,1.296E-03,2.683E-04,3.938E-06,1.493E-06,7.753E-04,2.683E-04,8.385E-01,9.438E-03
42600,1.113980E+05,1.055018E+05,2.291E-03,5.403E-06,1.299E-03,2.700E-04,3.904E-06,1.074E-06,7.722E-04,2.700E-04,8.525E-01,9.438E-03
43200,1.113980E+05,1.055018E+05,2.289E-03,4.678E-06,1.302E-03,2.717E-04,3.685E-06,8.206E-07,7.692E-04,2.717E-04,8.671E-01,9.438E-03
43800,1.113980E+05,1.055018E+05,2.287E-03,4.016E-06,1.305E-03,2.733E-04,3.281E-06,8.414E-07,7.661E-04,2.733E-04,8.816E-01,9.438E-03
44400,1.113980E+05,1.055018E+05,2.284E-03,3.462E-06,1.308E-03,2.750E-04,3.040E-06,6.962E-07,7.632E-04,2.750E-04,8.960E-01,9.438E-03
45000,1.113980E+05,1.055018E+05,2.281E-03,2.913E-06,1.311E-03,2.766E-04,2.467E-06,9.053E-07,7.604E-04,2.766E-04,9.100E-01,9.438E-03
45600,1.113979E+05,1.055018E+05,2.279E-03,2.467E-06,1.314E-03,2.783E-04,2.269E-06,7.705E-07,7.576E-04,2.783E-04,9.238E-01,9.438E-03
46200,1.113979E+05,1.055018E+05,2.276E-03,2.023E-06,1.318E-03,2.799E-04,2.055E-06,6.649E-07,7.549E-04,2.799E-04,9.371E-01,9.438E-03
46800,1.113980E+05,1.055018E+05,2.273E-03,1.732E-06,1.321E-03,2.815E-04,1.688E-06,6.708E-07,7.522E-04,2.815E-04,9.501E-01,9.438E-03
47400,1.113979E+05,1.055018E+05,2.270E-03,1.466E-06,1.324E-03,2.831E-04,1.488E-06,5.793E-07,7.497E-04,2.831E-04,9.626E-01,9.438E-03
48000,1.113979E+05,1.055018E+05,2.267E-03,1.217E-06,1.328E-03,2.847E-04,1.097E-06,6.503E-07,7.471E-04,2.847E-04,9.746E-01,9.438E-03
48600,1.113978E+05,1.055017E+05,2.264E-03,1.056E-06,1.331E-03,2.863E-04,9.049E-07,5.210E-07,7.447E-04,2.863E-04,9.863E-01,9.438E-03
49200,1.113978E+05,1.055017E+05,2.260E-03,8.558E-07,1.334E-03,2.879E-04,7.258E-07,3.866E-07,7.423E-04,2.879E-04,9.973E-01,9.438E-03
49800,1.113978E+05,1.055017E+05,2.257E-03,6.277E-07,1.338E-03,2.895E-04,5.288E-07,3.385E-07,7.399E-04,2.895E-04,1.008E+00,9.438E-03
50400,1.113979E+05,1.055017E+05,2.253E-03,4.303E-07,1.342E-03,2.910E-04,1.742E-07,4.933E-07,7.375E-04,2.910E-04,1.019E+00,9.438E-03
51000,1.113978E+05,1.055017E+05,2.250E-03,3.427E-07,1.346E-03,2.926E-04,2.125E-17,4.966E-07,7.352E-04,2.926E-04,1.029E+00,9.438E-03
51600,1.113978E+05,1.055017E+05,2.246E-03,2.521E-07,1.350E-03,2.942E-04,0.000E+00,2.453E-07,7.330E-04,2.942E-04,1.039E+00,9.438E-03
52200,1.113978E+05,1.055017E+05,2.242E-03,1.627E-07,1.354E-03,2.957E-04,0.000E+00,1.082E-07,7.307E-04,2.957E-04,1.049E+00,9.438E-03
52800,1.113980E+05,1.055018E+05,2.238E-03,6.373E-08,1.358E-03,2.972E-04,0.000E+00,0.000E+00,7.284E-04,2.972E-04,1.058E+00,9.438E-03
53400,1.113981E+05,1.055018E+05,2.234E-03,1.206E-08,1.362E-03,2.987E-04,0.000E+00,0.000E+00,7.260E-04,2.987E-04,1.068E+00,9.438E-03
54000,1.113981E+05,1.055018E+05,2.230E-03,0.000E+00,1.366E-03,3.002E-04,0.000E+00,0.000E+00,7.237E-04,3.002E-04,1.077E+00,9.438E-03
54600,1.113981E+05,1.055018E+05,2.226E-03,0.000E+00,1.371E-03,3.017E-04,0.000E+00,0.000E+00,7.214E-04,3.017E-04,1.086E+00,9.438E-03
55200,1.113981E+05,1.055018E+05,2.221E-03,0.000E+00,1.375E-03,3.032E-04,0.000E+00,0.000E+00,7.192E-04,3.032E-04,1.095E+00,9.438E-03
55800,1.113981E+05,1.055018E+05,2.217E-03,0.000E+00,1.380E-03,3.046E-04,0.000E+00,0.000E+00,7.170E-04,3.046E-04,1.103E+00,9.438E-03
56400,1.113980E+05,1.055017E+05,2.212E-03,0.000E+00,1.385E-03,3.061E-04,0.000E+00,0.000E+00,7.148E-04,3.061E-04,1.111E+00,9.438E-03
57000,1.113980E+05,1.055017E+05,2.207E-03,0.000E+00,1.390E-03,3.075E-04,0.000E+00,0.000E+00,7.126E-04,3.075E-04,1.119E+00,9.438E-03
57600,1.113980E+05,1.055017E+05,2.202E-03,0.000E+00,1.395E-03,3.090E-04,0.000E+00,0.000E+00,7.104E-04,3.090E-04,1.126E+00,9.438E-03
58200,1.113980E+05,1.055017E+05,2.197E-03,0.000E+00,1.401E-03,3.104E-04,0.000E+00,0.000E+00,7.083E-04,3.104E-04,1.133E+00,9.438E-03
58800,1.113980E+05,1.055017E+05,2.192E-03,0.000E+00,1.406E-03,3.118E-04,0.000E+00,0.000E+00,7.061E-04,3.118E-04,1.140E+00,9.438E-03
59400,1.113979E+05,1.055017E+05,2.186E-03,0.000E+00,1.412E-03,3.132E-04,0.000E+00,0.000E+00,7.040E-04,3.132E-04,1.146E+00,9.438E-03
60000,1.113979E+05,1.055017E+05,2.181E-03,0.000E+00,1.418E-03,3.146E-04,0.000E+00,0.000E+00,7.019E-04,3.146E-04,1.153E+00,9.438E-03
60600,1.113978E+05,1.055017E+05,2.175E-03,0.000E+00,1.424E-03,3.159E-04,0.000E+00,0.000E+00,6.997E-04,3.159E-04,1.158E+00,9.438E-03
61200,1.113978E+05,1.055017E+05,2.168E-03,0.000E+00,1.431E-03,3.173E-04,0.000E+00,0.000E+00,6.976E-04,3.173E-04,1.163E+00,9.438E-03
61800,1.113977E+05,1.055017E+05,2.162E-03,0.000E+00,1.438E-03,3.186E-04,0.000E+00,0.000E+00,6.954E-04,3.186E-04,1.168E+00,9.438E-03
62400,1.113977E+05,1.055017E+05,2.155E-03,0.000E+00,1.445E-03,3.200E-04,0.000E+00,0.000E+00,6.933E-04,3.200E-04,1.173E+00,9.438E-03
63000,1.113977E+05,1.055017E+05,2.148E-03,0.000E+00,1.453E-03,3.213E-04,0.000E+00,0.000E+00,6.911E-04,3.213E-04,1.177E+00,9.438E-03
63600,1.113976E+05,1.055016E+05,2.140E-03,0.000E+00,1.461E-03,3.226E-04,0.000E+00,0.000E+00,6.888E-04,3.226E-04,1.181E+00,9.438E-03
64200,1.113975E+05,1.055016E+05,2.132E-03,0.000E+00,1.470E-03,3.239E-04,0.000E+00,0.000E+00,6.866E-04,3.239E-04,1.185E+00,9.438E-03
64800,1.113974E+05,1.055016E+05,2.123E-03,0.000E+00,1.480E-03,3.251E-04,0.000E+00,0.000E+00,6.843E-04,3.251E-04,1.188E+00,9.438E-03
65400,1.113973E+05,1.055016E+05,2.113E-03,0.000E+00,1.491E-03,3.263E-04,0.000E+00,0.000E+00,6.819E-04,3.263E-04,1.191E+00,9.438E-03
66000,1.113970E+05,1.055015E+05,2.101E-03,2.765E-07,1.504E-03,3.275E-04,0.000E+00,0.000E+00,6.794E-04,3.275E-04,1.193E+00,9.438E-03
66600,1.113968E+05,1.055015E+05,2.075E-03,1.186E-05,1.519E-03,3.286E-04,0.000E+00,0.000E+00,6.768E-04,3.286E-04,1.192E+00,9.438E-03
67200,1.113973E+05,1.055016E+05,2.063E-03,8.283E-06,1.535E-03,3.297E-04,0.000E+00,0.000E+00,6.741E-04,3.297E-04,1.190E+00,9.438E-03
67800,1.113979E+05,1.055017E+05,2.055E-03,7.325E-06,1.544E-03,3.309E-04,0.000E+00,0.000E+00,6.721E-04,3.309E-04,1.199E+00,9.438E-03
68400,1.113980E+05,1.055017E+05,2.052E-03,4.246E-06,1.550E-03,3.323E-04,0.000E+00,0.000E+00,6.703E-04,3.323E-04,1.211E+00,9.438E-03
69000,1.113981E+05,1.055017E+05,2.045E-03,6.052E-06,1.556E-03,3.336E-04,0.000E+00,0.000E+00,6.686E-04,3.336E-04,1.227E+00,9.438E-03
69600,1.113981E+05,1.055017E+05,2.040E-03,6.384E-06,1.561E-03,3.349E-04,0.000E+00,0.000E+00,6.668E-04,3.349E-04,1.247E+00,9.438E-03
70200,1.113981E+05,1.055017E+05,2.035E-03,5.846E-06,1.567E-03,3.362E-04,0.000E+00,0.000E+00,6.651E-04,3.362E-04,1.269E+00,9.438E-03
70800,1.113981E+05,1.055017E+05,2.031E-03,4.995E-06,1.572E-03,3.375E-04,0.000E+00,0.000E+00,6.634E-04,3.375E-04,1.295E+00,9.438E-03
71400,1.113981E+05,1.055017E+05,2.028E-03,3.543E-06,1.577E-03,3.389E-04,0.000E+00,0.000E+00,6.618E-04,3.389E-04,1.324E+00,9.438E-03
72000,1.113983E+05,1.055018E+05,2.024E-03,3.394E-06,1.581E-03,3.402E-04,0.000E+00,0.000E+00,6.603E-04,3.402E-04,1.356E+00,9.438E-03
72600,1.113983E+05,1.055018E+05,2.021E-03,2.808E-06,1.585E-03,3.415E-04,0.000E+00,0.000E+00,6.588E-04,3.415E-04,1.389E+00,9.438E-03
73200,1.113983E+05,1.055018E+05,2.018E-03,2.044E-06,1.589E-03,3.429E-04,0.000E+00,0.000E+00,6.574E-04,3.429E-04,1.422E+00,9.438E-03
73800,1.113983E+05,1.055018E+05,2.015E-03,1.803E-06,1.593E-03,3.442E-04,0.000E+00,0.000E+00,6.559E-04,3.442E-04,1.455E+00,9.438E-03
74400,1.113983E+05,1.055018E+05,2.012E-03,1.408E-06,1.597E-03,3.455E-04,0.000E+00,0.000E+00,6.545E-04,3.455E-04,1.485E+00,9.438E-03
75000,1.113983E+05,1.055017E+05,2.009E-03,1.075E-06,1.601E-03,3.468E-04,0.000E+00,0.000E+00,6.531E-04,3.468E-04,1.513E+00,9.438E-03
75600,1.113983E+05,1.055017E+05,2.005E-03,7.621E-07,1.606E-03,3.481E-04,0.000E+00,0.000E+00,6.517E-04,3.481E-04,1.539E+00,9.438E-03
76200,1.113983E+05,1.055017E+05,2.001E-03,5.071E-07,1.610E-03,3.494E-04,0.000E+00,0.000E+00,6.503E-04,3.494E-04,1.563E+00,9.438E-03
76800,1.113982E+05,1.055017E+05,1.997E-03,3.470E-07,1.615E-03,3.507E-04,0.000E+00,0.000E+00,6.488E-04,3.507E-04,1.584E+00,9.438E-03
77400,1.113982E+05,1.055017E+05,1.993E-03,1.351E-07,1.620E-03,3.519E-04,0.000E+00,0.000E+00,6.474E-04,3.519E-04,1.602E+00,9.438E-03
78000,1.113982E+05,1.055017E+05,1.989E-03,3.514E-09,1.625E-03,3.532E-04,0.000E+00,0.000E+00,6.460E-04,3.532E-04,1.618E+00,9.438E-03
78600,1.113982E+05,1.055017E+05,1.984E-03,0.000E+00,1.631E-03,3.545E-04,0.000E+00,0.000E+00,6.447E-04,3.545E-04,1.632E+00,9.438E-03
79200,1.113982E+05,1.055017E+05,1.980E-03,0.000E+00,1.636E-03,3.557E-04,0.000E+00,0.000E+00,6.433E-04,3.557E-04,1.644E+00,9.438E-03
79800,1.113981E+05,1.055017E+05,1.975E-03,0.000E+00,1.642E-03,3.569E-04,0.000E+00,0.000E+00,6.419E-04,3.569E-04,1.653E+00,9.438E-03
80400,1.113981E+05,1.055017E+05,1.970E-03,0.000E+00,1.648E-03,3.581E-04,0.000E+00,0.000E+00,6.405E-04,3.581E-04,1.661E+00,9.438E-03
81000,1.113981E+05,1.055017E+05,1.964E-03,0.000E+00,1.654E-03,3.593E-04,0.000E+00,0.000E+00,6.391E-04,3.593E-04,1.667E+00,9.438E-03
81600,1.113981E+05,1.055017E+05,1.959E-03,0.000E+00,1.660E-03,3.605E-04,0.000E+00,0.000E+00,6.378E-04,3.605E-04,1.672E+00,9.438E-03
82200,1.113980E+05,1.055017E+05,1.953E-03,0.000E+00,1.666E-03,3.617E-04,0.000E+00,0.000E+00,6.364E-04,3.617E-04,1.675E+00,9.438E-03
82800,1.113980E+05,1.055016E+05,1.948E-03,0.000E+00,1.673E-03,3.629E-04,0.000E+00,0.000E+00,6.351E-04,3.629E-04,1.677E+00,9.438E-03
83400,1.113980E+05,1.055016E+05,1.942E-03,0.000E+00,1.679E-03,3.641E-04,0.000E+00,0.000E+00,6.338E-04,3.641E-04,1.678E+00,9.438E-03
84000,1.113979E+05,1.055016E+05,1.936E-03,0.000E+00,1.686E-03,3.652E-04,0.000E+00,0.000E+00,6.324E-04,3.652E-04,1.678E+00,9.438E-03
84600,1.113979E+05,1.055016E+05,1.930E-03,0.000E+00,1.693E-03,3.664E-04,0.000E+00,0.000E+00,6.311E-04,3.664E-04,1.677E+00,9.438E-03
85200,1.113979E+05,1.055016E+05,1.923E-03,0.000E+00,1.700E-03,3.675E-04,0.000E+00,0.000E+00,6.298E-04,3.675E-04,1.675E+00,9.438E-03
85800,1.113978E+05,1.055016E+05,1.917E-03,0.000E+00,1.707E-03,3.687E-04,0.000E+00,0.000E+00,6.285E-04,3.687E-04,1.673E+00,9.438E-03
86400,1.113978E+05,1.055016E+05,1.910E-03,0.000E+00,1.715E-03,3.698E-04,0.000E+00,0.000E+00,6.272E-04,3.698E-04,1.670E+00,9.438E-03
87000,1.113978E+05,1.055016E+05,1.903E-03,0.000E+00,1.722E-03,3.709E-04,0.000E+00,0.000E+00,6.259E-04,3.709E-04,1.666E+00,9.438E-03
87600,1.113977E+05,1.055016E+05,1.896E-03,0.000E+00,1.730E-03,3.721E-04,0.000E+00,0.000E+00,6.247E-04,3.721E-04,1.663E+00,9.438E-03
88200,1.113977E+05,1.055016E+05,1.889E-03,0.000E+00,1.738E-03,3.732E-04,0.000E+00,0.000E+00,6.234E-04,3.732E-04,1.659E+00,9.438E-03
88800,1.113977E+05,1.055016E+05,1.881E-03,0.000E+00,1.747E-03,3.743E-04,0.000E+00,0.000E+00,6.221E-04,3.743E-04,1.654E+00,9.438E-03
89400,1.113977E+05,1.055015E+05,1.874E-03,0.000E+00,1.755E-03,3.754E-04,0.000E+00,0.000E+00,6.209E-04,3.754E-04,1.649E+00,9.438E-03
90000,1.113978E+05,1.055015E+05,1.865E-03,0.000E+00,1.764E-03,3.764E-04,0.000E+00,0.000E+00,6.196E-04,3.764E-04,1.644E+00,9.438E-03
90600,1.113977E+05,1.055015E+05,1.857E-03,0.000E+00,1.774E-03,3.775E-04,0.000E+00,0.000E+00,6.183E-04,3.775E-04,1.638E+00,9.438E-03
91200,1.113976E+05,1.055015E+05,1.848E-03,0.000E+00,1.784E-03,3.785E-04,0.000E+00,0.000E+00,6.170E-04,3.785E-04,1.632E+00,9.438E-03
91800,1.113975E+05,1.055015E+05,1.838E-03,0.000E+00,1.795E-03,3.795E-04,0.000E+00,0.000E+00,6.157E-04,3.795E-04,1.625E+00,9.438E-03
92400,1.113974E+05,1.055014E+05,1.827E-03,0.000E+00,1.807E-03,3.805E-04,0.000E+00,0.000E+00,6.144E-04,3.805E-04,1.617E+00,9.438E-03
93000,1.113972E+05,1.055014E+05,1.814E-03,2.936E-08,1.821E-03,3.814E-04,0.000E+00,0.000E+00,6.130E-04,3.814E-04,1.608E+00,9.438E-03
93600,1.113969E+05,1.055013E+05,1.786E-03,1.272E-05,1.837E-03,3.823E-04,0.000E+00,0.000E+00,6.115E-04,3.823E-04,1.597E+00,9.438E-03
94200,1.113974E+05,1.055014E+05,1.774E-03,7.738E-06,1.854E-03,3.832E-04,0.000E+00,0.000E+00,6.100E-04,3.832E-04,1.586E+00,9.438E-03
94800,1.113982E+05,1.055016E+05,1.769E-03,5.603E-06,1.862E-03,3.843E-04,0.000E+00,0.000E+00,6.090E-04,3.843E-04,1.581E+00,9.438E-03
95400,1.113983E+05,1.055016E+05,1.764E-03,5.715E-06,1.868E-03,3.854E-04,0.000E+00,0.000E+00,6.081E-04,3.854E-04,1.578E+00,9.438E-03
96000,1.113983E+05,1.055017E+05,1.759E-03,5.894E-06,1.873E-03,3.866E-04,0.000E+00,0.000E+00,6.072E-04,3.866E-04,1.576E+00,9.438E-03
96600,1.113983E+05,1.055017E+05,1.755E-03,4.676E-06,1.878E-03,3.877E-04,0.000E+00,0.000E+00,6.064E-04,3.877E-04,1.575E+00,9.438E-03
97200,1.113984E+05,1.055017E+05,1.751E-03,4.658E-06,1.883E-03,3.889E-04,0.000E+00,0.000E+00,6.056E-04,3.889E-04,1.577E+00,9.438E-03
97800,1.113984E+05,1.055017E+05,1.745E-03,6.272E-06,1.887E-03,3.900E-04,0.000E+00,0.000E+00,6.048E-04,3.900E-04,1.581E+00,9.438E-03
98400,1.113984E+05,1.055017E+05,1.742E-03,4.867E-06,1.892E-03,3.912E-04,0.000E+00,0.000E+00,6.040E-04,3.912E-04,1.589E+00,9.438E-03
99000,1.113983E+05,1.055017E+05,1.739E-03,3.911E-06,1.897E-03,3.923E-04,0.000E+00,0.000E+00,6.031E-04,3.923E-04,1.599E+00,9.438E-03
99600,1.113984E+05,1.055017E+05,1.736E-03,2.279E-06,1.902E-03,3.934E-04,0.000E+00,0.000E+00,6.023E-04,3.934E-04,1.612E+00,9.438E-03
100200,1.113985E+05,1.055017E+05,1.733E-03,1.435E-06,1.906E-03,3.946E-04,0.000E+00,0.000E+00,6.016E-04,3.946E-04,1.629E+00,9.438E-03
100800,1.113985E+05,1.055017E+05,1.731E-03,7.583E-07,1.910E-03,3.957E-04,0.000E+00,0.000E+00,6.008E-04,3.957E-04,1.647E+00,9.438E-03
101400,1.113985E+05,1.055017E+05,1.727E-03,4.720E-07,1.914E-03,3.968E-04,0.000E+00,0.000E+00,6.001E-04,3.968E-04,1.667E+00,9.438E-03
102000,1.113985E+05,1.055017E+05,1.724E-03,1.709E-07,1.919E-03,3.980E-04,0.000E+00,0.000E+00,5.993E-04,3.980E-04,1.688E+00,9.438E-03
102600,1.113985E+05,1.055017E+05,1.720E-03,0.000E+00,1.924E-03,3.991E-04,0.000E+00,0.000E+00,5.985E-04,3.991E-04,1.708E+00,9.438E-03
103200,1.113984E+05,1.055017E+05,1.717E-03,0.000E+00,1.928E-03,4.002E-04,0.000E+00,0.000E+00,5.977E-04,4.002E-04,1.727E+00,9.438E-03
103800,1.113984E+05,1.055017E+05,1.712E-03,0.000E+00,1.933E-03,4.012E-04,0.000E+00,0.000E+00,5.968E-04,4.012E-04,1.745E+00,9.438E-03
104400,1.113984E+05,1.055016E+05,1.708E-03,0.000E+00,1.939E-03,4.023E-04,0.000E+00,0.000E+00,5.960E-04,4.023E-04,1.760E+00,9.438E-03
105000,1.113984E+05,1.055016E+05,1.704E-03,0.000E+00,1.944E-03,4.034E-04,0.000E+00,0.000E+00,5.951E-04,4.034E-04,1.774E+00,9.438E-03
105600,1.113983E+05,1.055016E+05,1.699E-03,0.000E+00,1.950E-03,4.044E-04,0.000E+00,0.000E+00,5.942E-04,4.044E-04,1.787E+00,9.438E-03
106200,1.113983E+05,1.055016E+05,1.694E-03,0.000E+00,1.956E-03,4.054E-04,0.000E+00,0.000E+00,5.932E-04,4.054E-04,1.797E+00,9.438E-03
106800,1.113983E+05,1.055016E+05,1.689E-03,0.000E+00,1.963E-03,4.064E-04,0.000E+00,0.000E+00,5.922E-04,4.064E-04,1.806E+00,9.438E-03
107400,1.113983E+05,1.055016E+05,1.683E-03,0.000E+00,1.969E-03,4.074E-04,0.000E+00,0.000E+00,5.912E-04,4.074E-04,1.812E+00,9.438E-03
108000,1.113982E+05,1.055016E+05,1.678E-03,0.000E+00,1.976E-03,4.084E-04,0.000E+00,0.000E+00,5.901E-04,4.084E-04,1.818E+00,9.438E-03
108600,1.113982E+05,1.055016E+05,1.672E-03,0.000E+00,1.983E-03,4.094E-04,0.000E+00,0.000E+00,5.890E-04,4.094E-04,1.822E+00,9.438E-03
109200,1.113982E+05,1.055016E+05,1.666E-03,0.000E+00,1.990E-03,4.103E-04,0.000E+00,0.000E+00,5.878E-04,4.103E-04,1.824E+00,9.438E-03
109800,1.113982E+05,1.055015E+05,1.660E-03,0.000E+00,1.998E-03,4.113E-04,0.000E+00,0.000E+00,5.866E-04,4.113E-04,1.826E+00,9.438E-03
110400,1.113982E+05,1.055015E+05,1.654E-03,0.000E+00,2.005E-03,4.122E-04,0.000E+00,0.000E+00,5.853E-04,4.122E-04,1.827E+00,9.438E-03
111000,1.113981E+05,1.055015E+05,1.648E-03,0.000E+00,2.013E-03,4.132E-04,0.000E+00,0.000E+00,5.840E-04,4.132E-04,1.827E+00,9.438E-03
111600,1.113981E+05,1.055015E+05,1.641E-03,0.000E+00,2.021E-03,4.141E-04,0.000E+00,0.000E+00,5.826E-04,4.141E-04,1.825E+00,9.438E-03
112200,1.113981E+05,1.055015E+05,1.634E-03,0.000E+00,2.029E-03,4.150E-04,0.000E+00,0.000E+00,5.812E-04,4.150E-04,1.824E+00,9.438E-03
112800,1.113981E+05,1.055015E+05,1.628E-03,0.000E+00,2.037E-03,4.159E-04,0.000E+00,0.000E+00,5.797E-04,4.159E-04,1.821E+00,9.438E-03
113400,1.113981E+05,1.055015E+05,1.621E-03,0.000E+00,2.046E-03,4.168E-04,0.000E+00,0.000E+00,5.782E-04,4.168E-04,1.818E+00,9.438E-03
114000,1.113981E+05,1.055015E+05,1.613E-03,0.000E+00,2.054E-03,4.177E-04,0.000E+00,0.000E+00,5.766E-04,4.177E-04,1.814E+00,9.438E-03
114600,1.113980E+05,1.055015E+05,1.606E-03,0.000E+00,2.063E-03,4.186E-04,0.000E+00,0.000E+00,5.749E-04,4.186E-04,1.809E+00,9.438E-03
115200,1.113980E+05,1.055014E+05,1.598E-03,0.000E+00,2.073E-03,4.195E-04,0.000E+00,0.000E+00,5.732E-04,4.195E-04,1.805E+00,9.438E-03
115800,1.113980E+05,1.055014E+05,1.590E-03,0.000E+00,2.082E-03,4.204E-04,0.000E+00,0.000E+00,5.714E-04,4.204E-04,1.800E+00,9.438E-03
116400,1.113979E+05,1.055014E+05,1.582E-03,0.000E+00,2.092E-03,4.212E-04,0.000E+00,0.000E+00,5.695E-04,4.212E-04,1.794E+00,9.438E-03
117000,1.113979E+05,1.055014E+05,1.573E-03,0.000E+00,2.103E-03,4.221E-04,0.000E+00,0.000E+00,5.675E-04,4.221E-04,1.789E+00,9.438E-03
117600,1.113978E+05,1.055013E+05,1.564E-03,0.000E+00,2.114E-03,4.229E-04,0.000E+00,0.000E+00,5.655E-04,4.229E-04,1.783E+00,9.438E-03
118200,1.113977E+05,1.055013E+05,1.554E-03,0.000E+00,2.126E-03,4.237E-04,0.000E+00,0.000E+00,5.633E-04,4.237E-04,1.777E+00,9.438E-03
118800,1.113976E+05,1.055012E+05,1.543E-03,0.000E+00,2.139E-03,4.245E-04,0.000E+00,0.000E+00,5.609E-04,4.245E-04,1.770E+00,9.438E-03
119400,1.113974E+05,1.055012E+05,1.531E-03,9.380E-08,2.153E-03,4.252E-04,0.000E+00,0.000E+00,5.585E-04,4.252E-04,1.762E+00,9.438E-03
120000,1.113972E+05,1.055011E+05,1.505E-03,1.171E-05,2.170E-03,4.258E-04,0.000E+00,0.000E+00,5.558E-04,4.258E-04,1.752E+00,9.438E-03
120600,1.113973E+05,1.055011E+05,1.490E-03,1.038E-05,2.189E-03,4.264E-04,0.000E+00,0.000E+00,5.529E-04,4.264E-04,1.741E+00,9.438E-03
121200,1.113982E+05,1.055015E+05,1.486E-03,6.180E-06,2.199E-03,4.273E-04,0.000E+00,0.000E+00,5.506E-04,4.273E-04,1.735E+00,9.438E-03
121800,1.113985E+05,1.055016E+05,1.482E-03,4.516E-06,2.206E-03,4.283E-04,0.000E+00,0.000E+00,5.487E-04,4.283E-04,1.730E+00,9.438E-03
122400,1.113986E+05,1.055016E+05,1.479E-03,3.165E-06,2.212E-03,4.293E-04,0.000E+00,0.000E+00,5.469E-04,4.293E-04,1.725E+00,9.438E-03
123000,1.113986E+05,1.055016E+05,1.475E-03,3.564E-06,2.217E-03,4.303E-04,0.000E+00,0.000E+00,5.450E-04,4.303E-04,1.722E+00,9.438E-03
123600,1.113986E+05,1.055016E+05,1.470E-03,5.327E-06,2.221E-03,4.314E-04,0.000E+00,0.000E+00,5.432E-04,4.314E-04,1.718E+00,9.438E-03
124200,1.113985E+05,1.055016E+05,1.466E-03,5.174E-06,2.226E-03,4.324E-04,0.000E+00,0.000E+00,5.413E-04,4.324E-04,1.716E+00,9.438E-03
124800,1.113985E+05,1.055016E+05,1.463E-03,4.597E-06,2.232E-03,4.334E-04,0.000E+00,0.000E+00,5.394E-04,4.334E-04,1.714E+00,9.438E-03
125400,1.113986E+05,1.055016E+05,1.460E-03,2.913E-06,2.237E-03,4.343E-04,0.000E+00,0.000E+00,5.375E-04,4.343E-04,1.714E+00,9.438E-03
126000,1.113986E+05,1.055016E+05,1.457E-03,2.940E-06,2.242E-03,4.353E-04,0.000E+00,0.000E+00,5.355E-04,4.353E-04,1.716E+00,9.438E-03
126600,1.113986E+05,1.055016E+05,1.453E-03,2.909E-06,2.247E-03,4.363E-04,0.000E+00,0.000E+00,5.336E-04,4.363E-04,1.719E+00,9.438E-03
127200,1.113986E+05,1.055016E+05,1.451E-03,1.977E-06,2.252E-03,4.373E-04,0.000E+00,0.000E+00,5.317E-04,4.373E-04,1.724E+00,9.438E-03
127800,1.113986E+05,1.055016E+05,1.448E-03,1.197E-06,2.257E-03,4.383E-04,0.000E+00,0.000E+00,5.298E-04,4.383E-04,1.732E+00,9.438E-03
128400,1.113986E+05,1.055016E+05,1.445E-03,4.922E-07,2.262E-03,4.393E-04,0.000E+00,0.000E+00,5.278E-04,4.393E-04,1.741E+00,9.438E-03
129000,1.113986E+05,1.055016E+05,1.442E-03,1.027E-07,2.267E-03,4.402E-04,0.000E+00,0.000E+00,5.258E-04,4.402E-04,1.752E+00,9.438E-03
129600,1.113986E+05,1.055016E+05,1.438E-03,1.146E-08,2.272E-03,4.412E-04,0.000E+00,0.000E+00,5.238E-04,4.412E-04,1.765E+00,9.438E-03
130200,1.113986E+05,1.055016E+05,1.434E-03,0.000E+00,2.277E-03,4.421E-04,0.000E+00,0.000E+00,5.218E-04,4.421E-04,1.778E+00,9.438E-03
130800,1.113985E+05,1.055016E+05,1.431E-03,0.000E+00,2.282E-03,4.430E-04,0.000E+00,0.000E+00,5.198E-04,4.430E-04,1.791E+00,9.438E-03
131400,1.113985E+05,1.055015E+05,1.426E-03,0.000E+00,2.288E-03,4.439E-04,0.000E+00,0.000E+00,5.178E-04,4.439E-04,1.804E+00,9.438E-03
132000,1.113985E+05,1.055015E+05,1.422E-03,0.000E+00,2.293E-03,4.448E-04,0.000E+00,0.000E+00,5.157E-04,4.448E-04,1.817E+00,9.438E-03
132600,1.113985E+05,1.055015E+05,1.418E-03,0.000E+00,2.299E-03,4.456E-04,0.000E+00,0.000E+00,5.137E-04,4.456E-04,1.828E+00,9.438E-03
133200,1.113985E+05,1.055015E+05,1.413E-03,0.000E+00,2.305E-03,4.465E-04,0.000E+00,0.000E+00,5.116E-04,4.465E-04,1.839E+00,9.438E-03
133800,1.113985E+05,1.055015E+05,1.408E-03,0.000E+00,2.311E-03,4.473E-04,0.000E+00,0.000E+00,5.095E-04,4.473E-04,1.848E+00,9.438E-03
134400,1.113985E+05,1.055015E+05,1.403E-03,0.000E+00,2.318E-03,4.481E-04,0.000E+00,0.000E+00,5.074E-04,4.481E-04,1.857E+00,9.438E-03
135000,1.113984E+05,1.055015E+05,1.397E-03,0.000E+00,2.324E-03,4.489E-04,0.000E+00,0.000E+00,5.053E-04,4.489E-04,1.864E+00,9.438E-03
135600,1.113984E+05,1.055015E+05,1.392E-03,0.000E+00,2.331E-03,4.497E-04,0.000E+00,0.000E+00,5.032E-04,4.497E-04,1.870E+00,9.438E-03
136200,1.113984E+05,1.055014E+05,1.386E-03,0.000E+00,2.338E-03,4.505E-04,0.000E+00,0.000E+00,5.010E-04,4.505E-04,1.875E+00,9.438E-03
136800,1.113984E+05,1.055014E+05,1.381E-03,0.000E+00,2.345E-03,4.513E-04,0.000E+00,0.000E+00,4.989E-04,4.513E-04,1.880E+00,9.438E-03
137400,1.113984E+05,1.055014E+05,1.375E-03,0.000E+00,2.353E-03,4.520E-04,0.000E+00,0.000E+00,4.968E-04,4.520E-04,1.883E+00,9.438E-03
138000,1.113984E+05,1.055014E+05,1.369E-03,0.000E+00,2.360E-03,4.528E-04,0.000E+00,0.000E+00,4.947E-04,4.528E-04,1.886E+00,9.438E-03
138600,1.113983E+05,1.055014E+05,1.363E-03,0.000E+00,2.368E-03,4.536E-04,0.000E+00,0.000E+00,4.925E-04,4.536E-04,1.888E+00,9.438E-03
139200,1.113983E+05,1.055014E+05,1.356E-03,0.000E+00,2.376E-03,4.543E-04,0.000E+00,0.000E+00,4.904E-04,4.543E-04,1.889E+00,9.438E-03
139800,1.113983E+05,1.055014E+05,1.350E-03,0.000E+00,2.384E-03,4.550E-04,0.000E+00,0.000E+00,4.882E-04,4.550E-04,1.890E+00,9.438E-03
140400,1.113983E+05,1.055014E+05,1.343E-03,0.000E+00,2.392E-03,4.558E-04,0.000E+00,0.000E+00,4.861E-04,4.558E-04,1.890E+00,9.438E-03
141000,1.113983E+05,1.055013E+05,1.336E-03,0.000E+00,2.400E-03,4.565E-04,0.000E+00,0.000E+00,4.840E-04,4.565E-04,1.890E+00,9.438E-03
141600,1.113982E+05,1.055013E+05,1.329E-03,0.000E+00,2.409E-03,4.572E-04,0.000E+00,0.000E+00,4.818E-04,4.572E-04,1.889E+00,9.438E-03
142200,1.113982E+05,1.055013E+05,1.322E-03,0.000E+00,2.417E-03,4.579E-04,0.000E+00,0.000E+00,4.797E-04,4.579E-04,1.888E+00,9.438E-03
142800,1.113982E+05,1.055013E+05,1.314E-03,0.000E+00,2.427E-03,4.586E-04,0.000E+00,0.000E+00,4.775E-04,4.586E-04,1.886E+00,9.438E-03
143400,1.113981E+05,1.055012E+05,1.306E-03,0.000E+00,2.436E-03,4.593E-04,0.000E+00,0.000E+00,4.753E-04,4.593E-04,1.883E+00,9.438E-03
144000,1.113981E+05,1.055012E+05,1.298E-03,0.000E+00,2.446E-03,4.600E-04,0.000E+00,0.000E+00,4.731E-04,4.600E-04,1.880E+00,9.438E-03
144600,1.113980E+05,1.055012E+05,1.289E-03,0.000E+00,2.456E-03,4.606E-04,0.000E+00,0.000E+00,4.708E-04,4.606E-04,1.877E+00,9.438E-03
145200,1.113979E+05,1.055011E+05,1.279E-03,0.000E+00,2.468E-03,4.613E-04,0.000E+00,0.000E+00,4.685E-04,4.613E-04,1.872E+00,9.438E-03
145800,1.113978E+05,1.055010E+05,1.269E-03,2.835E-08,2.480E-03,4.618E-04,0.000E+00,0.000E+00,4.662E-04,4.618E-04,1.868E+00,9.438E-03
146400,1.113978E+05,1.055010E+05,1.258E-03,1.804E-07,2.493E-03,4.624E-04,0.000E+00,0.000E+00,4.638E-04,4.624E-04,1.862E+00,9.438E-03
147000,1.113976E+05,1.055009E+05,1.243E-03,2.728E-06,2.507E-03,4.628E-04,0.000E+00,0.000E+00,4.612E-04,4.628E-04,1.856E+00,9.438E-03
147600,1.113975E+05,1.055008E+05,1.220E-03,1.141E-05,2.523E-03,4.633E-04,0.000E+00,0.000E+00,4.586E-04,4.633E-04,1.849E+00,9.438E-03
148200,1.113982E+05,1.055012E+05,1.212E-03,8.998E-06,2.537E-03,4.639E-04,0.000E+00,0.000E+00,4.564E-04,4.639E-04,1.843E+00,9.438E-03
148800,1.113984E+05,1.055014E+05,1.207E-03,7.400E-06,2.545E-03,4.647E-04,0.000E+00,0.000E+00,4.546E-04,4.647E-04,1.840E+00,9.438E-03
149400,1.113985E+05,1.055014E+05,1.203E-03,6.037E-06,2.552E-03,4.655E-04,0.000E+00,0.000E+00,4.529E-04,4.655E-04,1.836E+00,9.438E-03
150000,1.113986E+05,1.055015E+05,1.201E-03,4.191E-06,2.557E-03,4.664E-04,0.000E+00,0.000E+00,4.513E-04,4.664E-04,1.833E+00,9.438E-03
150600,1.113987E+05,1.055015E+05,1.198E-03,3.241E-06,2.562E-03,4.673E-04,0.000E+00,0.000E+00,4.498E-04,4.673E-04,1.829E+00,9.438E-03
151200,1.113987E+05,1.055015E+05,1.193E-03,4.599E-06,2.567E-03,4.683E-04,0.000E+00,0.000E+00,4.483E-04,4.683E-04,1.826E+00,9.438E-03
151800,1.113987E+05,1.055015E+05,1.189E-03,5.475E-06,2.571E-03,4.692E-04,0.000E+00,0.000E+00,4.469E-04,4.692E-04,1.823E+00,9.438E-03
152400,1.113987E+05,1.055015E+05,1.187E-03,4.559E-06,2.576E-03,4.701E-04,0.000E+00,0.000E+00,4.454E-04,4.701E-04,1.820E+00,9.438E-03
153000,1.113987E+05,1.055015E+05,1.184E-03,3.480E-06,2.581E-03,4.710E-04,0.000E+00,0.000E+00,4.440E-04,4.710E-04,1.818E+00,9.438E-03
153600,1.113987E+05,1.055015E+05,1.182E-03,2.199E-06,2.586E-03,4.719E-04,0.000E+00,0.000E+00,4.426E-04,4.719E-04,1.817E+00,9.438E-03
154200,1.113988E+05,1.055016E+05,1.180E-03,1.343E-06,2.590E-03,4.728E-04,0.000E+00,0.000E+00,4.412E-04,4.728E-04,1.817E+00,9.438E-03
154800,1.113988E+05,1.055015E+05,1.177E-03,1.107E-06,2.594E-03,4.737E-04,0.000E+00,0.000E+00,4.399E-04,4.737E-04,1.817E+00,9.438E-03
155400,1.113988E+05,1.055015E+05,1.174E-03,6.137E-07,2.598E-03,4.746E-04,0.000E+00,0.000E+00,4.386E-04,4.746E-04,1.819E+00,9.438E-03
156000,1.113988E+05,1.055015E+05,1.172E-03,3.301E-07,2.602E-03,4.755E-04,0.000E+00,0.000E+00,4.372E-04,4.755E-04,1.823E+00,9.438E-03
156600,1.113987E+05,1.055015E+05,1.169E-03,1.468E-07,2.607E-03,4.764E-04,0.000E+00,0.000E+00,4.359E-04,4.764E-04,1.827E+00,9.438E-03
157200,1.113987E+05,1.055015E+05,1.166E-03,0.000E+00,2.611E-03,4.773E-04,0.000E+00,0.000E+00,4.346E-04,4.773E-04,1.833E+00,9.438E-03
157800,1.113987E+05,1.055015E+05,1.162E-03,0.000E+00,2.616E-03,4.781E-04,0.000E+00,0.000E+00,4.333E-04,4.781E-04,1.840E+00,9.438E-03
158400,1.113987E+05,1.055015E+05,1.159E-03,0.000E+00,2.620E-03,4.790E-04,0.000E+00,0.000E+00,4.320E-04,4.790E-04,1.848E+00,9.438E-03
159000,1.113987E+05,1.055015E+05,1.155E-03,0.000E+00,2.625E-03,4.798E-04,0.000E+00,0.000E+00,4.307E-04,4.798E-04,1.856E+00,9.438E-03
159600,1.113987E+05,1.055015E+05,1.151E-03,0.000E+00,2.630E-03,4.807E-04,0.000E+00,0.000E+00,4.293E-04,4.807E-04,1.865E+00,9.438E-03
160200,1.113987E+05,1.055015E+05,1.147E-03,0.000E+00,2.635E-03,4.815E-04,0.000E+00,0.000E+00,4.280E-04,4.815E-04,1.873E+00,9.438E-03
160800,1.113987E+05,1.055015E+05,1.143E-03,0.000E+00,2.641E-03,4.823E-04,0.000E+00,0.000E+00,4.267E-04,4.823E-04,1.882E+00,9.438E-03
161400,1.113987E+05,1.055014E+05,1.139E-03,0.000E+00,2.646E-03,4.831E-04,0.000E+00,0.000E+00,4.254E-04,4.831E-04,1.890E+00,9.438E-03
162000,1.113986E+05,1.055014E+05,1.135E-03,0.000E+00,2.652E-03,4.839E-04,0.000E+00,0.000E+00,4.241E-04,4.839E-04,1.897E+00,9.438E-03
162600,1.113986E+05,1.055014E+05,1.130E-03,0.000E+00,2.657E-03,4.846E-04,0.000E+00,0.000E+00,4.228E-04,4.846E-04,1.903E+00,9.438E-03
163200,1.113986E+05,1.055014E+05,1.125E-03,0.000E+00,2.663E-03,4.854E-04,0.000E+00,0.000E+00,4.215E-04,4.854E-04,1.909E+00,9.438E-03
163800,1.113986E+05,1.055014E+05,1.121E-03,0.000E+00,2.669E-03,4.861E-04,0.000E+00,0.000E+00,4.202E-04,4.861E-04,1.913E+00,9.438E-03
164400,1.113986E+05,1.055014E+05,1.116E-03,0.000E+00,2.676E-03,4.869E-04,0.000E+00,0.000E+00,4.189E-04,4.869E-04,1.917E+00,9.438E-03
165000,1.113986E+05,1.055014E+05,1.111E-03,0.000E+00,2.682E-03,4.876E-04,0.000E+00,0.000E+00,4.176E-04,4.876E-04,1.921E+00,9.438E-03
165600,1.113986E+05,1.055014E+05,1.106E-03,0.000E+00,2.688E-03,4.884E-04,0.000E+00,0.000E+00,4.163E-04,4.884E-04,1.923E+00,9.438E-03
166200,1.113986E+05,1.055014E+05,1.100E-03,0.000E+00,2.695E-03,4.891E-04,0.000E+00,0.000E+00,4.150E-04,4.891E-04,1.926E+00,9.438E-03
166800,1.113986E+05,1.055014E+05,1.095E-03,0.000E+00,2.701E-03,4.899E-04,0.000E+00,0.000E+00,4.137E-04,4.899E-04,1.927E+00,9.438E-03
167400,1.113985E+05,1.055013E+05,1.090E-03,0.000E+00,2.708E-03,4.906E-04,0.000E+00,0.000E+00,4.124E-04,4.906E-04,1.929E+00,9.438E-03
168000,1.113985E+05,1.055013E+05,1.084E-03,0.000E+00,2.715E-03,4.913E-04,0.000E+00,0.000E+00,4.111E-04,4.913E-04,1.930E+00,9.438E-03
168600,1.113985E+05,1.055013E+05,1.078E-03,0.000E+00,2.722E-03,4.920E-04,0.000E+00,0.000E+00,4.098E-04,4.920E-04,1.930E+00,9.438E-03
169200,1.113985E+05,1.055013E+05,1.073E-03,0.000E+00,2.729E-03,4.928E-04,0.000E+00,0.000E+00,4.085E-04,4.928E-04,1.930E+00,9.438E-03
169800,1.113985E+05,1.055013E+05,1.067E-03,0.000E+00,2.737E-03,4.935E-04,0.000E+00,0.000E+00,4.072E-04,4.935E-04,1.930E+00,9.438E-03
170400,1.113985E+05,1.055013E+05,1.061E-03,0.000E+00,2.744E-03,4.942E-04,0.000E+00,0.000E+00,4.060E-04,4.942E-04,1.930E+00,9.438E-03
171000,1.113985E+05,1.055013E+05,1.054E-03,0.000E+00,2.752E-03,4.949E-04,0.000E+00,0.000E+00,4.047E-04,4.949E-04,1.929E+00,9.438E-03
171600,1.113985E+05,1.055013E+05,1.048E-03,0.000E+00,2.760E-03,4.956E-04,0.000E+00,0.000E+00,4.034E-04,4.956E-04,1.928E+00,9.438E-03
172200,1.113984E+05,1.055013E+05,1.041E-03,0.000E+00,2.768E-03,4.963E-04,0.000E+00,0.000E+00,4.021E-04,4.963E-04,1.927E+00,9.438E-03
172800,1.113984E+05,1.055012E+05,1.034E-03,0.000E+00,2.776E-03,4.970E-04,0.000E+00,0.000E+00,4.007E-04,4.970E-04,1.926E+00,9.438E-03
173400,1.113984E+05,1.055012E+05,1.027E-03,0.000E+00,2.785E-03,4.976E-04,0.000E+00,0.000E+00,3.994E-04,4.976E-04,1.924E+00,9.438E-03
174000,1.113983E+05,1.055012E+05,1.019E-03,0.000E+00,2.794E-03,4.983E-04,0.000E+00,0.000E+00,3.980E-04,4.983E-04,1.921E+00,9.438E-03
174600,1.113983E+05,1.055011E+05,1.011E-03,0.000E+00,2.804E-03,4.989E-04,0.000E+00,0.000E+00,3.966E-04,4.989E-04,1.918E+00,9.438E-03
175200,1.113982E+05,1.055011E+05,1.002E-03,2.518E-07,2.815E-03,4.995E-04,0.000E+00,0.000E+00,3.952E-04,4.995E-04,1.915E+00,9.438E-03
175800,1.113982E+05,1.055010E+05,9.925E-04,0.000E+00,2.827E-03,5.001E-04,0.000E+00,0.000E+00,3.937E-04,5.001E-04,1.912E+00,9.438E-03
176400,1.113980E+05,1.055009E+05,9.814E-04,2.227E-07,2.840E-03,5.006E-04,0.000E+00,0.000E+00,3.921E-04,5.006E-04,1.908E+00,9.438E-03
177000,1.113979E+05,1.055008E+05,9.576E-04,1.169E-05,2.855E-03,5.011E-04,0.000E+00,0.000E+00,3.905E-04,5.011E-04,1.903E+00,9.438E-03
177600,1.113983E+05,1.055011E+05,9.472E-04,1.057E-05,2.869E-03,5.016E-04,0.000E+00,0.000E+00,3.888E-04,5.016E-04,1.898E+00,9.438E-03
178200,1.113985E+05,1.055013E+05,9.422E-04,8.520E-06,2.877E-03,5.023E-04,0.000E+00,0.000E+00,3.876E-04,5.023E-04,1.894E+00,9.438E-03
178800,1.113986E+05,1.055014E+05,9.394E-04,6.025E-06,2.884E-03,5.030E-04,0.000E+00,0.000E+00,3.865E-04,5.030E-04,1.891E+00,9.438E-03
179400,1.113988E+05,1.055015E+05,9.369E-04,4.257E-06,2.890E-03,5.039E-04,0.000E+00,0.000E+00,3.855E-04,5.039E-04,1.887E+00,9.438E-03
180000,1.113988E+05,1.055015E+05,9.340E-04,3.746E-06,2.894E-03,5.047E-04,0.000E+00,0.000E+00,3.845E-04,5.047E-04,1.883E+00,9.438E-03
180600,1.113989E+05,1.055016E+05,9.317E-04,3.113E-06,2.898E-03,5.056E-04,0.000E+00,0.000E+00,3.837E-04,5.056E-04,1.879E+00,9.438E-03
181200,1.113988E+05,1.055015E+05,9.279E-04,4.270E-06,2.902E-03,5.064E-04,0.000E+00,0.000E+00,3.828E-04,5.064E-04,1.875E+00,9.438E-03
181800,1.113989E+05,1.055015E+05,9.258E-04,3.366E-06,2.906E-03,5.073E-04,0.000E+00,0.000E+00,3.819E-04,5.073E-04,1.871E+00,9.438E-03
182400,1.113989E+05,1.055016E+05,9.236E-04,2.873E-06,2.909E-03,5.082E-04,0.000E+00,0.000E+00,3.811E-04,5.082E-04,1.867E+00,9.438E-03
183000,1.113989E+05,1.055015E+05,9.207E-04,2.975E-06,2.913E-03,5.090E-04,0.000E+00,0.000E+00,3.803E-04,5.090E-04,1.864E+00,9.438E-03
183600,1.113989E+05,1.055016E+05,9.188E-04,2.096E-06,2.917E-03,5.098E-04,0.000E+00,0.000E+00,3.794E-04,5.098E-04,1.860E+00,9.438E-03
184200,1.113989E+05,1.055015E+05,9.165E-04,1.729E-06,2.921E-03,5.107E-04,0.000E+00,0.000E+00,3.786E-04,5.107E-04,1.858E+00,9.438E-03
184800,1.113989E+05,1.055015E+05,9.143E-04,1.126E-06,2.924E-03,5.115E-04,0.000E+00,0.000E+00,3.778E-04,5.115E-04,1.855E+00,9.438E-03
185400,1.113989E+05,1.055015E+05,9.120E-04,7.206E-07,2.928E-03,5.124E-04,0.000E+00,0.000E+00,3.769E-04,5.124E-04,1.854E+00,9.438E-03
186000,1.113988E+05,1.055015E+05,9.095E-04,4.029E-07,2.932E-03,5.132E-04,0.000E+00,0.000E+00,3.761E-04,5.132E-04,1.853E+00,9.438E-03
186600,1.113988E+05,1.055015E+05,9.069E-04,1.556E-07,2.936E-03,5.140E-04,0.000E+00,0.000E+00,3.753E-04,5.140E-04,1.853E+00,9.438E-03
187200,1.113988E+05,1.055015E+05,9.041E-04,0.000E+00,2.940E-03,5.148E-04,0.000E+00,0.000E+00,3.745E-04,5.148E-04,1.854E+00,9.438E-03
187800,1.113988E+05,1.055015E+05,9.011E-04,0.000E+00,2.943E-03,5.156E-04,0.000E+00,0.000E+00,3.737E-04,5.156E-04,1.856E+00,9.438E-03
188400,1.113988E+05,1.055015E+05,8.980E-04,0.000E+00,2.947E-03,5.164E-04,0.000E+00,0.000E+00,3.728E-04,5.164E-04,1.858E+00,9.438E-03
189000,1.113988E+05,1.055015E+05,8.948E-04,0.000E+00,2.952E-03,5.172E-04,0.000E+00,0.000E+00,3.720E-04,5.172E-04,1.861E+00,9.438E-03
189600,1.113988E+05,1.055015E+05,8.914E-04,0.000E+00,2.956E-03,5.180E-04,0.000E+00,0.000E+00,3.712E-04,5.180E-04,1.865E+00,9.438E-03
190200,1.113988E+05,1.055015E+05,8.879E-04,0.000E+00,2.960E-03,5.187E-04,0.000E+00,0.000E+00,3.703E-04,5.187E-04,1.868E+00,9.438E-03
190800,1.113988E+05,1.055015E+05,8.843E-04,0.000E+00,2.965E-03,5.195E-04,0.000E+00,0.000E+00,3.695E-04,5.195E-04,1.872E+00,9.438E-03
191400,1.113988E+05,1.055015E+05,8.806E-04,0.000E+00,2.970E-03,5.202E-04,0.000E+00,0.000E+00,3.687E-04,5.202E-04,1.875E+00,9.438E-03
192000,1.113988E+05,1.055015E+05,8.767E-04,0.000E+00,2.975E-03,5.210E-04,0.000E+00,0.000E+00,3.678E-04,5.210E-04,1.879E+00,9.438E-03
192600,1.113988E+05,1.055015E+05,8.728E-04,0.000E+00,2.980E-03,5.217E-04,0.000E+00,0.000E+00,3.670E-04,5.217E-04,1.881E+00,9.438E-03
193200,1.113987E+05,1.055015E+05,8.687E-04,0.000E+00,2.985E-03,5.224E-04,0.000E+00,0.000E+00,3.661E-04,5.224E-04,1.884E+00,9.438E-03
193800,1.113987E+05,1.055015E+05,8.645E-04,0.000E+00,2.990E-03,5.231E-04,0.000E+00,0.000E+00,3.653E-04,5.231E-04,1.885E+00,9.438E-03
194400,1.113987E+05,1.055014E+05,8.603E-04,0.000E+00,2.996E-03,5.238E-04,0.000E+00,0.000E+00,3.644E-04,5.238E-04,1.887E+00,9.438E-03
195000,1.113987E+05,1.055014E+05,8.559E-04,0.000E+00,3.001E-03,5.245E-04,0.000E+00,0.000E+00,3.636E-04,5.245E-04,1.888E+00,9.438E-03
195600,1.113987E+05,1.055014E+05,8.515E-04,0.000E+00,3.007E-03,5.252E-04,0.000E+00,0.000E+00,3.627E-04,5.252E-04,1.888E+00,9.438E-03
196200,1.113987E+05,1.055014E+05,8.470E-04,0.000E+00,3.012E-03,5.259E-04,0.000E+00,0.000E+00,3.619E-04,5.259E-04,1.888E+00,9.438E-03
196800,1.113987E+05,1.055014E+05,8.424E-04,0.000E+00,3.018E-03,5.266E-04,0.000E+00,0.000E+00,3.610E-04,5.266E-04,1.888E+00,9.438E-03
197400,1.113987E+05,1.055014E+05,8.377E-04,0.000E+00,3.024E-03,5.272E-04,0.000E+00,0.000E+00,3.602E-04,5.272E-04,1.887E+00,9.438E-03
198000,1.113987E+05,1.055014E+05,8.329E-04,0.000E+00,3.030E-03,5.279E-04,0.000E+00,0.000E+00,3.593E-04,5.279E-04,1.886E+00,9.438E-03
198600,1.113987E+05,1.055014E+05,8.281E-04,0.000E+00,3.036E-03,5.286E-04,0.000E+00,0.000E+00,3.585E-04,5.286E-04,1.884E+00,9.438E-03
199200,1.113987E+05,1.055014E+05,8.231E-04,0.000E+00,3.042E-03,5.293E-04,0.000E+00,0.000E+00,3.576E-04,5.293E-04,1.882E+00,9.438E-03
199800,1.113987E+05,1.055014E+05,8.181E-04,0.000E+00,3.049E-03,5.299E-04,0.000E+00,0.000E+00,3.568E-04,5.299E-04,1.880E+00,9.438E-03
200400,1.113987E+05,1.055014E+05,8.131E-04,0.000E+00,3.055E-03,5.306E-04,0.000E+00,0.000E+00,3.559E-04,5.306E-04,1.878E+00,9.438E-03
201000,1.113987E+05,1.055014E+05,8.079E-04,0.000E+00,3.062E-03,5.313E-04,0.000E+00,0.000E+00,3.551E-04,5.313E-04,1.875E+00,9.438E-03
201600,1.113987E+05,1.055014E+05,8.026E-04,0.000E+00,3.069E-03,5.319E-04,0.000E+00,0.000E+00,3.543E-04,5.319E-04,1.873E+00,9.438E-03
202200,1.113987E+05,1.055014E+05,7.973E-04,0.000E+00,3.076E-03,5.326E-04,0.000E+00,0.000E+00,3.534E-04,5.326E-04,1.870E+00,9.438E-03
202800,1.113987E+05,1.055014E+05,7.918E-04,0.000E+00,3.083E-03,5.332E-04,0.000E+00,0.000E+00,3.526E-04,5.332E-04,1.867E+00,9.438E-03
203400,1.113987E+05,1.055014E+05,7.862E-04,0.000E+00,3.090E-03,5.339E-04,0.000E+00,0.000E+00,3.518E-04,5.339E-04,1.864E+00,9.438E-03
204000,1.113987E+05,1.055014E+05,7.804E-04,0.000E+00,3.097E-03,5.345E-04,0.000E+00,0.000E+00,3.509E-04,5.345E-04,1.861E+00,9.438E-03
204600,1.113986E+05,1.055014E+05,7.744E-04,0.000E+00,3.105E-03,5.352E-04,0.000E+00,0.000E+00,3.501E-04,5.352E-04,1.857E+00,9.438E-03
205200,1.113986E+05,1.055014E+05,7.683E-04,0.000E+00,3.113E-03,5.358E-04,0.000E+00,0.000E+00,3.492E-04,5.358E-04,1.854E+00,9.438E-03
205800,1.113986E+05,1.055014E+05,7.618E-04,0.000E+00,3.121E-03,5.364E-04,0.000E+00,0.000E+00,3.483E-04,5.364E-04,1.850E+00,9.438E-03
206400,1.113986E+05,1.055013E+05,7.550E-04,0.000E+00,3.130E-03,5.370E-04,0.000E+00,0.000E+00,3.475E-04,5.370E-04,1.846E+00,9.438E-03
207000,1.113985E+05,1.055013E+05,7.478E-04,0.000E+00,3.139E-03,5.376E-04,0.000E+00,0.000E+00,3.466E-04,5.376E-04,1.842E+00,9.438E-03
207600,1.113985E+05,1.055012E+05,7.400E-04,0.000E+00,3.149E-03,5.382E-04,0.000E+00,0.000E+00,3.457E-04,5.382E-04,1.838E+00,9.438E-03
208200,1.113984E+05,1.055012E+05,7.314E-04,4.365E-08,3.160E-03,5.387E-04,0.000E+00,0.000E+00,3.447E-04,5.387E-04,1.834E+00,9.438E-03
208800,1.113983E+05,1.055011E+05,7.189E-04,3.110E-06,3.172E-03,5.392E-04,0.000E+00,0.000E+00,3.437E-04,5.392E-04,1.829E+00,9.438E-03
209400,1.113982E+05,1.055011E+05,7.011E-04,1.061E-05,3.185E-03,5.396E-04,0.000E+00,0.000E+00,3.427E-04,5.396E-04,1.824E+00,9.438E-03
210000,1.113985E+05,1.055013E+05,6.916E-04,1.003E-05,3.197E-03,5.401E-04,0.000E+00,0.000E+00,3.417E-04,5.401E-04,1.820E+00,9.438E-03
210600,1.113987E+05,1.055014E+05,6.867E-04,8.463E-06,3.206E-03,5.407E-04,0.000E+00,0.000E+00,3.409E-04,5.407E-04,1.815E+00,9.438E-03
211200,1.113987E+05,1.055015E+05,6.826E-04,7.247E-06,3.213E-03,5.413E-04,0.000E+00,0.000E+00,3.402E-04,5.413E-04,1.810E+00,9.438E-03
211800,1.113989E+05,1.055016E+05,6.799E-04,5.857E-06,3.218E-03,5.420E-04,0.000E+00,0.000E+00,3.396E-04,5.420E-04,1.805E+00,9.438E-03
212400,1.113989E+05,1.055016E+05,6.775E-04,5.092E-06,3.223E-03,5.427E-04,0.000E+00,0.000E+00,3.390E-04,5.427E-04,1.800E+00,9.438E-03
213000,1.113989E+05,1.055016E+05,6.754E-04,4.044E-06,3.227E-03,5.434E-04,0.000E+00,0.000E+00,3.385E-04,5.434E-04,1.795E+00,9.438E-03
213600,1.113989E+05,1.055016E+05,6.726E-04,3.878E-06,3.231E-03,5.441E-04,0.000E+00,0.000E+00,3.379E-04,5.441E-04,1.789E+00,9.438E-03
214200,1.113990E+05,1.055016E+05,6.698E-04,4.041E-06,3.235E-03,5.447E-04,0.000E+00,0.000E+00,3.374E-04,5.447E-04,1.784E+00,9.438E-03
214800,1.113989E+05,1.055016E+05,6.675E-04,3.848E-06,3.239E-03,5.454E-04,0.000E+00,0.000E+00,3.369E-04,5.454E-04,1.778E+00,9.438E-03
215400,1.113990E+05,1.055016E+05,6.655E-04,3.374E-06,3.242E-03,5.460E-04,0.000E+00,0.000E+00,3.364E-04,5.460E-04,1.773E+00,9.438E-03
216000,1.113990E+05,1.055016E+05,6.639E-04,2.428E-06,3.246E-03,5.467E-04,0.000E+00,0.000E+00,3.359E-04,5.467E-04,1.767E+00,9.438E-03
216600,1.113990E+05,1.055017E+05,6.619E-04,1.776E-06,3.250E-03,5.473E-04,0.000E+00,0.000E+00,3.354E-04,5.473E-04,1.762E+00,9.438E-03
217200,1.113990E+05,1.055017E+05,6.601E-04,1.201E-06,3.253E-03,5.479E-04,0.000E+00,0.000E+00,3.350E-04,5.479E-04,1.757E+00,9.438E-03
217800,1.113990E+05,1.055017E+05,6.582E-04,8.467E-07,3.256E-03,5.485E-04,0.000E+00,0.000E+00,3.345E-04,5.485E-04,1.753E+00,9.438E-03
218400,1.113990E+05,1.055017E+05,6.562E-04,5.828E-07,3.259E-03,5.491E-04,0.000E+00,0.000E+00,3.341E-04,5.491E-04,1.749E+00,9.438E-03
219000,1.113990E+05,1.055017E+05,6.541E-04,2.588E-07,3.263E-03,5.496E-04,0.000E+00,0.000E+00,3.336E-04,5.496E-04,1.746E+00,9.438E-03
219600,1.113990E+05,1.055017E+05,6.519E-04,4.736E-08,3.266E-03,5.502E-04,0.000E+00,0.000E+00,3.332E-04,5.502E-04,1.744E+00,9.438E-03
220200,1.113990E+05,1.055017E+05,6.495E-04,0.000E+00,3.269E-03,5.507E-04,0.000E+00,0.000E+00,3.328E-04,5.507E-04,1.743E+00,9.438E-03
220800,1.113990E+05,1.055017E+05,6.471E-04,0.000E+00,3.273E-03,5.512E-04,0.000E+00,0.000E+00,3.323E-04,5.512E-04,1.743E+00,9.438E-03
221400,1.113990E+05,1.055017E+05,6.445E-04,0.000E+00,3.276E-03,5.517E-04,0.000E+00,0.000E+00,3.319E-04,5.517E-04,1.743E+00,9.438E-03
222000,1.113990E+05,1.055017E+05,6.418E-04,0.000E+00,3.279E-03,5.522E-04,0.000E+00,0.000E+00,3.315E-04,5.522E-04,1.744E+00,9.438E-03
222600,1.113990E+05,1.055017E+05,6.391E-04,0.000E+00,3.283E-03,5.526E-04,0.000E+00,0.000E+00,3.311E-04,5.526E-04,1.746E+00,9.438E-03
223200,1.113990E+05,1.055017E+05,6.362E-04,0.000E+00,3.286E-03,5.531E-04,0.000E+00,0.000E+00,3.307E-04,5.531E-04,1.748E+00,9.438E-03
223800,1.113990E+05,1.055017E+05,6.333E-04,0.000E+00,3.290E-03,5.535E-04,0.000E+00,0.000E+00,3.302E-04,5.535E-04,1.749E+00,9.438E-03
224400,1.113990E+05,1.055017E+05,6.303E-04,0.000E+00,3.294E-03,5.539E-04,0.000E+00,0.000E+00,3.298E-04,5.539E-04,1.751E+00,9.438E-03
225000,1.113990E+05,1.055017E+05,6.272E-04,0.000E+00,3.298E-03,5.543E-04,0.000E+00,0.000E+00,3.294E-04,5.543E-04,1.753E+00,9.438E-03
225600,1.113990E+05,1.055017E+05,6.240E-04,0.000E+00,3.302E-03,5.547E-04,0.000E+00,0.000E+00,3.290E-04,5.547E-04,1.755E+00,9.438E-03
226200,1.113990E+05,1.055017E+05,6.208E-04,0.000E+00,3.306E-03,5.551E-04,0.000E+00,0.000E+00,3.286E-04,5.551E-04,1.756E+00,9.438E-03
226800,1.113990E+05,1.055017E+05,6.175E-04,0.000E+00,3.310E-03,5.554E-04,0.000E+00,0.000E+00,3.282E-04,5.554E-04,1.756E+00,9.438E-03
227400,1.113989E+05,1.055017E+05,6.141E-04,0.000E+00,3.314E-03,5.558E-04,0.000E+00,0.000E+00,3.278E-04,5.558E-04,1.757E+00,9.438E-03
228000,1.113989E+05,1.055016E+05,6.106E-04,0.000E+00,3.318E-03,5.562E-04,0.000E+00,0.000E+00,3.274E-04,5.562E-04,1.757E+00,9.438E-03
228600,1.113989E+05,1.055016E+05,6.071E-04,0.000E+00,3.322E-03,5.565E-04,0.000E+00,0.000E+00,3.270E-04,5.565E-04,1.756E+00,9.438E-03
229200,1.113989E+05,1.055016E+05,6.035E-04,0.000E+00,3.327E-03,5.569E-04,0.000E+00,0.000E+00,3.266E-04,5.569E-04,1.756E+00,9.438E-03
229800,1.113989E+05,1.055016E+05,5.999E-04,0.000E+00,3.331E-03,5.572E-04,0.000E+00,0.000E+00,3.262E-04,5.572E-04,1.754E+00,9.438E-03
230400,1.113989E+05,1.055016E+05,5.962E-04,0.000E+00,3.335E-03,5.576E-04,0.000E+00,0.000E+00,3.258E-04,5.576E-04,1.753E+00,9.438E-03
231000,1.113989E+05,1.055016E+05,5.924E-04,0.000E+00,3.340E-03,5.579E-04,0.000E+00,0.000E+00,3.254E-04,5.579E-04,1.751E+00,9.438E-03
231600,1.113989E+05,1.055016E+05,5.886E-04,0.000E+00,3.344E-03,5.583E-04,0.000E+00,0.000E+00,3.250E-04,5.583E-04,1.749E+00,9.438E-03
232200,1.113989E+05,1.055016E+05,5.847E-04,0.000E+00,3.349E-03,5.587E-04,0.000E+00,0.000E+00,3.246E-04,5.587E-04,1.747E+00,9.438E-03
232800,1.113989E+05,1.055016E+05,5.807E-04,0.000E+00,3.354E-03,5.590E-04,0.000E+00,0.000E+00,3.243E-04,5.590E-04,1.744E+00,9.438E-03
233400,1.113989E+05,1.055016E+05,5.767E-04,0.000E+00,3.358E-03,5.594E-04,0.000E+00,0.000E+00,3.239E-04,5.594E-04,1.741E+00,9.438E-03
234000,1.113989E+05,1.055016E+05,5.727E-04,0.000E+00,3.363E-03,5.597E-04,0.000E+00,0.000E+00,3.235E-04,5.597E-04,1.738E+00,9.438E-03
234600,1.113989E+05,1.055016E+05,5.685E-04,0.000E+00,3.368E-03,5.601E-04,0.000E+00,0.000E+00,3.231E-04,5.601E-04,1.735E+00,9.438E-03
235200,1.113989E+05,1.055016E+05,5.643E-04,0.000E+00,3.373E-03,5.605E-04,0.000E+00,0.000E+00,3.227E-04,5.605E-04,1.732E+00,9.438E-03
235800,1.113989E+05,1.055016E+05,5.601E-04,0.000E+00,3.378E-03,5.608E-04,0.000E+00,0.000E+00,3.224E-04,5.608E-04,1.729E+00,9.438E-03
236400,1.113989E+05,1.055016E+05,5.557E-04,0.000E+00,3.383E-03,5.612E-04,0.000E+00,0.000E+00,3.220E-04,5.612E-04,1.725E+00,9.438E-03
237000,1.113989E+05,1.055016E+05,5.513E-04,0.000E+00,3.388E-03,5.615E-04,0.000E+00,0.000E+00,3.216E-04,5.615E-04,1.722E+00,9.438E-03
237600,1.113989E+05,1.055016E+05,5.467E-04,0.000E+00,3.393E-03,5.619E-04,0.000E+00,0.000E+00,3.213E-04,5.619E-04,1.718E+00,9.438E-03
238200,1.113989E+05,1.055016E+05,5.421E-04,0.000E+00,3.399E-03,5.623E-04,0.000E+00,0.000E+00,3.209E-04,5.623E-04,1.715E+00,9.438E-03
238800,1.113988E+05,1.055016E+05,5.373E-04,0.000E+00,3.404E-03,5.626E-04,0.000E+00,0.000E+00,3.205E-04,5.626E-04,1.711E+00,9.438E-03
239400,1.113988E+05,1.055016E+05,5.323E-04,0.000E+00,3.410E-03,5.630E-04,0.000E+00,0.000E+00,3.202E-04,5.630E-04,1.707E+00,9.438E-03
240000,1.113988E+05,1.055016E+05,5.273E-04,0.000E+00,3.416E-03,5.633E-04,0.000E+00,0.000E+00,3.198E-04,5.633E-04,1.703E+00,9.438E-03
240600,1.113988E+05,1.055016E+05,5.220E-04,0.000E+00,3.422E-03,5.636E-04,0.000E+00,0.000E+00,3.194E-04,5.636E-04,1.699E+00,9.438E-03
241200,1.113988E+05,1.055015E+05,5.165E-04,0.000E+00,3.429E-03,5.640E-04,0.000E+00,0.000E+00,3.191E-04,5.640E-04,1.695E+00,9.438E-03
241800,1.113988E+05,1.055015E+05,5.107E-04,0.000E+00,3.436E-03,5.643E-04,0.000E+00,0.000E+00,3.187E-04,5.643E-04,1.691E+00,9.438E-03
242400,1.113987E+05,1.055015E+05,5.046E-04,0.000E+00,3.443E-03,5.646E-04,0.000E+00,0.000E+00,3.183E-04,5.646E-04,1.687E+00,9.438E-03
243000,1.113987E+05,1.055015E+05,4.981E-04,0.000E+00,3.451E-03,5.648E-04,0.000E+00,0.000E+00,3.179E-04,5.648E-04,1.683E+00,9.438E-03
243600,1.113986E+05,1.055014E+05,4.909E-04,2.716E-07,3.459E-03,5.651E-04,0.000E+00,0.000E+00,3.175E-04,5.651E-04,1.679E+00,9.438E-03
244200,1.113986E+05,1.055014E+05,4.831E-04,5.584E-07,3.468E-03,5.653E-04,0.000E+00,0.000E+00,3.171E-04,5.653E-04,1.674E+00,9.438E-03
244800,1.113986E+05,1.055014E+05,4.747E-04,8.695E-07,3.478E-03,5.655E-04,0.000E+00,0.000E+00,3.166E-04,5.655E-04,1.670E+00,9.438E-03
245400,1.113986E+05,1.055014E+05,4.579E-04,9.231E-06,3.488E-03,5.657E-04,0.000E+00,0.000E+00,3.162E-04,5.657E-04,1.665E+00,9.438E-03
246000,1.113985E+05,1.055014E+05,4.464E-04,1.185E-05,3.498E-03,5.658E-04,0.000E+00,0.000E+00,3.158E-04,5.658E-04,1.661E+00,9.438E-03
246600,1.113988E+05,1.055015E+05,4.425E-04,8.392E-06,3.507E-03,5.661E-04,0.000E+00,0.000E+00,3.154E-04,5.661E-04,1.657E+00,9.438E-03
247200,1.113988E+05,1.055016E+05,4.380E-04,7.212E-06,3.514E-03,5.664E-04,0.000E+00,0.000E+00,3.150E-04,5.664E-04,1.652E+00,9.438E-03
247800,1.113989E+05,1.055017E+05,4.360E-04,4.577E-06,3.519E-03,5.669E-04,0.000E+00,0.000E+00,3.147E-04,5.669E-04,1.648E+00,9.438E-03
248400,1.113990E+05,1.055017E+05,4.328E-04,4.765E-06,3.523E-03,5.674E-04,0.000E+00,0.000E+00,3.145E-04,5.674E-04,1.644E+00,9.438E-03
249000,1.113990E+05,1.055017E+05,4.304E-04,4.669E-06,3.526E-03,5.679E-04,0.000E+00,0.000E+00,3.143E-04,5.679E-04,1.639E+00,9.438E-03
249600,1.113990E+05,1.055017E+05,4.283E-04,4.420E-06,3.529E-03,5.684E-04,0.000E+00,0.000E+00,3.141E-04,5.684E-04,1.635E+00,9.438E-03
250200,1.113990E+05,1.055017E+05,4.253E-04,5.007E-06,3.532E-03,5.689E-04,0.000E+00,0.000E+00,3.139E-04,5.689E-04,1.631E+00,9.438E-03
250800,1.113990E+05,1.055018E+05,4.243E-04,3.617E-06,3.535E-03,5.694E-04,0.000E+00,0.000E+00,3.136E-04,5.694E-04,1.626E+00,9.438E-03
251400,1.113990E+05,1.055018E+05,4.227E-04,3.186E-06,3.537E-03,5.699E-04,0.000E+00,0.000E+00,3.134E-04,5.699E-04,1.622E+00,9.438E-03
252000,1.113991E+05,1.055018E+05,4.213E-04,2.657E-06,3.540E-03,5.704E-04,0.000E+00,0.000E+00,3.133E-04,5.704E-04,1.618E+00,9.438E-03
252600,1.113991E+05,1.055018E+05,4.202E-04,1.926E-06,3.542E-03,5.709E-04,0.000E+00,0.000E+00,3.131E-04,5.709E-04,1.613E+00,9.438E-03
253200,1.113991E+05,1.055018E+05,4.189E-04,1.560E-06,3.544E-03,5.713E-04,0.000E+00,0.000E+00,3.129E-04,5.713E-04,1.610E+00,9.438E-03
253800,1.113991E+05,1.055018E+05,4.176E-04,1.136E-06,3.546E-03,5.718E-04,0.000E+00,0.000E+00,3.127E-04,5.718E-04,1.606E+00,9.438E-03
254400,1.113991E+05,1.055018E+05,4.159E-04,1.086E-06,3.548E-03,5.722E-04,0.000E+00,0.000E+00,3.125E-04,5.722E-04,1.602E+00,9.438E-03
255000,1.113991E+05,1.055018E+05,4.144E-04,9.247E-07,3.550E-03,5.726E-04,0.000E+00,0.000E+00,3.124E-04,5.726E-04,1.599E+00,9.438E-03
255600,1.113991E+05,1.055018E+05,4.128E-04,8.122E-07,3.553E-03,5.730E-04,0.000E+00,0.000E+00,3.122E-04,5.730E-04,1.597E+00,9.438E-03
256200,1.113990E+05,1.055018E+05,4.112E-04,6.550E-07,3.555E-03,5.734E-04,0.000E+00,0.000E+00,3.120E-04,5.734E-04,1.594E+00,9.438E-03
256800,1.113990E+05,1.055018E+05,4.095E-04,5.225E-07,3.557E-03,5.737E-04,0.000E+00,0.000E+00,3.118E-04,5.737E-04,1.593E+00,9.438E-03
257400,1.113990E+05,1.055018E+05,4.076E-04,4.931E-07,3.559E-03,5.741E-04,0.000E+00,0.000E+00,3.117E-04,5.741E-04,1.592E+00,9.438E-03
258000,1.113990E+05,1.055018E+05,4.058E-04,4.323E-07,3.562E-03,5.744E-04,0.000E+00,0.000E+00,3.115E-04,5.744E-04,1.591E+00,9.438E-03
258600,1.113990E+05,1.055018E+05,4.038E-04,3.412E-07,3.564E-03,5.747E-04,0.000E+00,0.000E+00,3.113E-04,5.747E-04,1.591E+00,9.438E-03
259200,1.113990E+05,1.055018E+05,4.017E-04,2.549E-07,3.567E-03,5.750E-04,0.000E+00,0.000E+00,3.112E-04,5.750E-04,1.592E+00,9.438E-03
259800,1.113990E+05,1.055017E+05,3.996E-04,2.277E-07,3.569E-03,5.753E-04,0.000E+00,0.000E+00,3.110E-04,5.753E-04,1.593E+00,9.438E-03
260400,1.113990E+05,1.055017E+05,3.974E-04,1.766E-07,3.572E-03,5.755E-04,0.000E+00,0.000E+00,3.108E-04,5.755E-04,1.594E+00,9.438E-03
261000,1.113990E+05,1.055017E+05,3.952E-04,1.030E-07,3.575E-03,5.758E-04,0.000E+00,0.000E+00,3.106E-04,5.758E-04,1.595E+00,9.438E-03
261600,1.113989E+05,1.055017E+05,3.928E-04,8.149E-09,3.577E-03,5.760E-04,0.000E+00,0.000E+00,3.105E-04,5.760E-04,1.596E+00,9.438E-03
262200,1.113989E+05,1.055017E+05,3.904E-04,0.000E+00,3.580E-03,5.762E-04,0.000E+00,0.000E+00,3.103E-04,5.762E-04,1.597E+00,9.438E-03
262800,1.113989E+05,1.055017E+05,3.880E-04,0.000E+00,3.583E-03,5.764E-04,0.000E+00,0.000E+00,3.101E-04,5.764E-04,1.599E+00,9.438E-03
263400,1.113989E+05,1.055017E+05,3.854E-04,0.000E+00,3.586E-03,5.766E-04,0.000E+00,0.000E+00,3.100E-04,5.766E-04,1.600E+00,9.438E-03
264000,1.113989E+05,1.055017E+05,3.829E-04,0.000E+00,3.589E-03,5.768E-04,0.000E+00,0.000E+00,3.098E-04,5.768E-04,1.601E+00,9.438E-03
264600,1.113989E+05,1.055017E+05,3.802E-04,0.000E+00,3.592E-03,5.770E-04,0.000E+00,0.000E+00,3.096E-04,5.770E-04,1.601E+00,9.438E-03
265200,1.113989E+05,1.055017E+05,3.775E-04,0.000E+00,3.595E-03,5.772E-04,0.000E+00,0.000E+00,3.094E-04,5.772E-04,1.602E+00,9.438E-03
265800,1.113989E+05,1.055017E+05,3.747E-04,0.000E+00,3.598E-03,5.774E-04,0.000E+00,0.000E+00,3.093E-04,5.774E-04,1.603E+00,9.438E-03
266400,1.113989E+05,1.055017E+05,3.719E-04,0.000E+00,3.601E-03,5.776E-04,0.000E+00,0.000E+00,3.091E-04,5.776E-04,1.603E+00,9.438E-03
267000,1.113989E+05,1.055017E+05,3.691E-04,0.000E+00,3.605E-03,5.778E-04,0.000E+00,0.000E+00,3.089E-04,5.778E-04,1.603E+00,9.438E-03
267600,1.113989E+05,1.055017E+05,3.662E-04,0.000E+00,3.608E-03,5.780E-04,0.000E+00,0.000E+00,3.088E-04,5.780E-04,1.603E+00,9.438E-03
268200,1.113989E+05,1.055017E+05,3.632E-04,0.000E+00,3.611E-03,5.782E-04,0.000E+00,0.000E+00,3.086E-04,5.782E-04,1.602E+00,9.438E-03
268800,1.113989E+05,1.055017E+05,3.602E-04,0.000E+00,3.615E-03,5.783E-04,0.000E+00,0.000E+00,3.084E-04,5.783E-04,1.602E+00,9.438E-03
269400,1.113989E+05,1.055017E+05,3.572E-04,0.000E+00,3.618E-03,5.785E-04,0.000E+00,0.000E+00,3.082E-04,5.785E-04,1.601E+00,9.438E-03
270000,1.113989E+05,1.055017E+05,3.541E-04,0.000E+00,3.622E-03,5.787E-04,0.000E+00,0.000E+00,3.081E-04,5.787E-04,1.600E+00,9.438E-03
270600,1.113989E+05,1.055017E+05,3.509E-04,0.000E+00,3.625E-03,5.789E-04,0.000E+00,0.000E+00,3.079E-04,5.789E-04,1.599E+00,9.438E-03
271200,1.113989E+05,1.055017E+05,3.477E-04,0.000E+00,3.629E-03,5.791E-04,0.000E+00,0.000E+00,3.077E-04,5.791E-04,1.598E+00,9.438E-03
271800,1.113989E+05,1.055017E+05,3.445E-04,0.000E+00,3.633E-03,5.793E-04,0.000E+00,0.000E+00,3.076E-04,5.793E-04,1.597E+00,9.438E-03
272400,1.113988E+05,1.055017E+05,3.412E-04,0.000E+00,3.636E-03,5.796E-04,0.000E+00,0.000E+00,3.074E-04,5.796E-04,1.595E+00,9.438E-03
273000,1.113988E+05,1.055017E+05,3.379E-04,0.000E+00,3.640E-03,5.798E-04,0.000E+00,0.000E+00,3.072E-04,5.798E-04,1.594E+00,9.438E-03
273600,1.113988E+05,1.055017E+05,3.344E-04,0.000E+00,3.644E-03,5.800E-04,0.000E+00,0.000E+00,3.071E-04,5.800E-04,1.592E+00,9.438E-03
274200,1.113988E+05,1.055017E+05,3.309E-04,0.000E+00,3.648E-03,5.802E-04,0.000E+00,0.000E+00,3.069E-04,5.802E-04,1.590E+00,9.438E-03
274800,1.113988E+05,1.055017E+05,3.274E-04,0.000E+00,3.652E-03,5.804E-04,0.000E+00,0.000E+00,3.067E-04,5.804E-04,1.588E+00,9.438E-03
275400,1.113988E+05,1.055017E+05,3.237E-04,0.000E+00,3.657E-03,5.806E-04,0.000E+00,0.000E+00,3.066E-04,5.806E-04,1.586E+00,9.438E-03
276000,1.113988E+05,1.055017E+05,3.199E-04,0.000E+00,3.661E-03,5.808E-04,0.000E+00,0.000E+00,3.064E-04,5.808E-04,1.584E+00,9.438E-03
276600,1.113988E+05,1.055016E+05,3.159E-04,0.000E+00,3.666E-03,5.811E-04,0.000E+00,0.000E+00,3.062E-04,5.811E-04,1.581E+00,9.438E-03
277200,1.113988E+05,1.055016E+05,3.118E-04,0.000E+00,3.670E-03,5.813E-04,0.000E+00,0.000E+00,3.060E-04,5.813E-04,1.579E+00,9.438E-03
277800,1.113987E+05,1.055016E+05,3.075E-04,0.000E+00,3.676E-03,5.815E-04,0.000E+00,0.000E+00,3.059E-04,5.815E-04,1.576E+00,9.438E-03
278400,1.113987E+05,1.055016E+05,3.030E-04,0.000E+00,3.681E-03,5.817E-04,0.000E+00,0.000E+00,3.057E-04,5.817E-04,1.573E+00,9.438E-03
279000,1.113987E+05,1.055016E+05,2.981E-04,0.000E+00,3.687E-03,5.819E-04,0.000E+00,0.000E+00,3.055E-04,5.819E-04,1.570E+00,9.438E-03
279600,1.113987E+05,1.055016E+05,2.930E-04,0.000E+00,3.693E-03,5.820E-04,0.000E+00,0.000E+00,3.053E-04,5.820E-04,1.567E+00,9.438E-03
280200,1.113986E+05,1.055016E+05,2.876E-04,2.166E-07,3.699E-03,5.822E-04,0.000E+00,0.000E+00,3.051E-04,5.822E-04,1.563E+00,9.438E-03
280800,1.113986E+05,1.055015E+05,2.819E-04,2.897E-07,3.705E-03,5.824E-04,0.000E+00,0.000E+00,3.049E-04,5.824E-04,1.560E+00,9.438E-03
281400,1.113985E+05,1.055015E+05,2.759E-04,2.716E-07,3.713E-03,5.825E-04,0.000E+00,0.000E+00,3.047E-04,5.825E-04,1.556E+00,9.438E-03
282000,1.113985E+05,1.055015E+05,2.648E-04,4.740E-06,3.721E-03,5.827E-04,0.000E+00,0.000E+00,3.044E-04,5.827E-04,1.552E+00,9.438E-03
282600,1.113986E+05,1.055015E+05,2.552E-04,7.849E-06,3.728E-03,5.828E-04,0.000E+00,0.000E+00,3.042E-04,5.828E-04,1.548E+00,9.438E-03
283200,1.113987E+05,1.055016E+05,2.502E-04,7.876E-06,3.734E-03,5.830E-04,0.000E+00,0.000E+00,3.040E-04,5.830E-04,1.544E+00,9.438E-03
283800,1.113987E+05,1.055016E+05,2.470E-04,6.673E-06,3.740E-03,5.832E-04,0.000E+00,0.000E+00,3.039E-04,5.832E-04,1.540E+00,9.438E-03
284400,1.113988E+05,1.055017E+05,2.441E-04,5.619E-06,3.744E-03,5.834E-04,0.000E+00,0.000E+00,3.037E-04,5.834E-04,1.536E+00,9.438E-03
285000,1.113989E+05,1.055017E+05,2.431E-04,3.945E-06,3.748E-03,5.837E-04,0.000E+00,0.000E+00,3.036E-04,5.837E-04,1.532E+00,9.438E-03
285600,1.113989E+05,1.055017E+05,2.408E-04,3.876E-06,3.750E-03,5.840E-04,0.000E+00,0.000E+00,3.035E-04,5.840E-04,1.527E+00,9.438E-03
286200,1.113990E+05,1.055018E+05,2.398E-04,2.743E-06,3.753E-03,5.843E-04,0.000E+00,0.000E+00,3.034E-04,5.843E-04,1.523E+00,9.438E-03
286800,1.113990E+05,1.055018E+05,2.388E-04,1.962E-06,3.755E-03,5.846E-04,0.000E+00,0.000E+00,3.033E-04,5.846E-04,1.519E+00,9.438E-03
287400,1.113990E+05,1.055018E+05,2.368E-04,2.292E-06,3.757E-03,5.849E-04,0.000E+00,0.000E+00,3.032E-04,5.849E-04,1.514E+00,9.438E-03
288000,1.113990E+05,1.055018E+05,2.357E-04,1.814E-06,3.759E-03,5.852E-04,0.000E+00,0.000E+00,3.031E-04,5.852E-04,1.510E+00,9.438E-03
288600,1.113990E+05,1.055018E+05,2.345E-04,1.445E-06,3.761E-03,5.854E-04,0.000E+00,0.000E+00,3.030E-04,5.854E-04,1.505E+00,9.438E-03
289200,1.113990E+05,1.055018E+05,2.335E-04,1.005E-06,3.763E-03,5.857E-04,0.000E+00,0.000E+00,3.029E-04,5.857E-04,1.501E+00,9.438E-03
289800,1.113990E+05,1.055018E+05,2.322E-04,9.973E-07,3.764E-03,5.859E-04,0.000E+00,0.000E+00,3.028E-04,5.859E-04,1.496E+00,9.438E-03
290400,1.113990E+05,1.055018E+05,2.311E-04,6.976E-07,3.766E-03,5.862E-04,0.000E+00,0.000E+00,3.027E-04,5.862E-04,1.492E+00,9.438E-03
291000,1.113990E+05,1.055018E+05,2.299E-04,4.878E-07,3.768E-03,5.864E-04,0.000E+00,0.000E+00,3.027E-04,5.864E-04,1.488E+00,9.438E-03
291600,1.113990E+05,1.055018E+05,2.287E-04,3.133E-07,3.770E-03,5.866E-04,0.000E+00,0.000E+00,3.026E-04,5.866E-04,1.483E+00,9.438E-03
292200,1.113990E+05,1.055018E+05,2.274E-04,1.493E-07,3.771E-03,5.868E-04,0.000E+00,0.000E+00,3.025E-04,5.868E-04,1.479E+00,9.438E-03
292800,1.113990E+05,1.055018E+05,2.261E-04,1.320E-08,3.773E-03,5.869E-04,0.000E+00,0.000E+00,3.024E-04,5.869E-04,1.475E+00,9.438E-03
293400,1.113990E+05,1.055018E+05,2.246E-04,0.000E+00,3.775E-03,5.871E-04,0.000E+00,0.000E+00,3.023E-04,5.871E-04,1.471E+00,9.438E-03
294000,1.113990E+05,1.055018E+05,2.232E-04,0.000E+00,3.777E-03,5.872E-04,0.000E+00,0.000E+00,3.023E-04,5.872E-04,1.467E+00,9.438E-03
294600,1.113989E+05,1.055018E+05,2.216E-04,0.000E+00,3.779E-03,5.874E-04,0.000E+00,0.000E+00,3.022E-04,5.874E-04,1.464E+00,9.438E-03
295200,1.113989E+05,1.055018E+05,2.200E-04,0.000E+00,3.781E-03,5.875E-04,0.000E+00,0.000E+00,3.021E-04,5.875E-04,1.460E+00,9.438E-03
295800,1.113989E+05,1.055018E+05,2.183E-04,0.000E+00,3.783E-03,5.876E-04,0.000E+00,0.000E+00,3.020E-04,5.876E-04,1.457E+00,9.438E-03
296400,1.113989E+05,1.055018E+05,2.166E-04,0.000E+00,3.785E-03,5.876E-04,0.000E+00,0.000E+00,3.019E-04,5.876E-04,1.453E+00,9.438E-03
297000,1.113989E+05,1.055018E+05,2.148E-04,0.000E+00,3.787E-03,5.877E-04,0.000E+00,0.000E+00,3.018E-04,5.877E-04,1.450E+00,9.438E-03
297600,1.113989E+05,1.055018E+05,2.130E-04,0.000E+00,3.790E-03,5.878E-04,0.000E+00,0.000E+00,3.017E-04,5.878E-04,1.447E+00,9.438E-03
298200,1.113989E+05,1.055018E+05,2.111E-04,0.000E+00,3.792E-03,5.878E-04,0.000E+00,0.000E+00,3.017E-04,5.878E-04,1.444E+00,9.438E-03
298800,1.113989E+05,1.055018E+05,2.092E-04,0.000E+00,3.795E-03,5.878E-04,0.000E+00,0.000E+00,3.016E-04,5.878E-04,1.441E+00,9.438E-03
299400,1.113989E+05,1.055018E+05,2.073E-04,0.000E+00,3.797E-03,5.879E-04,0.000E+00,0.000E+00,3.015E-04,5.879E-04,1.438E+00,9.438E-03
300000,1.113989E+05,1.055018E+05,2.053E-04,0.000E+00,3.800E-03,5.879E-04,0.000E+00,0.000E+00,3.014E-04,5.879E-04,1.436E+00,9.438E-03
300600,1.113989E+05,1.055018E+05,2.032E-04,0.000E+00,3.802E-03,5.879E-04,0.000E+00,0.000E+00,3.013E-04,5.879E-04,1.433E+00,9.438E-03
301200,1.113989E+05,1.055017E+05,2.011E-04,0.000E+00,3.805E-03,5.879E-04,0.000E+00,0.000E+00,3.012E-04,5.879E-04,1.431E+00,9.438E-03
301800,1.113989E+05,1.055017E+05,1.990E-04,0.000E+00,3.807E-03,5.879E-04,0.000E+00,0.000E+00,3.011E-04,5.879E-04,1.428E+00,9.438E-03
302400,1.113989E+05,1.055017E+05,1.969E-04,0.000E+00,3.810E-03,5.880E-04,0.000E+00,0.000E+00,3.010E-04,5.880E-04,1.426E+00,9.438E-03
303000,1.113988E+05,1.055017E+05,1.947E-04,0.000E+00,3.813E-03,5.880E-04,0.000E+00,0.000E+00,3.010E-04,5.880E-04,1.423E+00,9.438E-03
303600,1.113988E+05,1.055017E+05,1.925E-04,0.000E+00,3.816E-03,5.880E-04,0.000E+00,0.000E+00,3.009E-04,5.880E-04,1.421E+00,9.438E-03
304200,1.113988E+05,1.055017E+05,1.902E-04,0.000E+00,3.819E-03,5.880E-04,0.000E+00,0.000E+00,3.008E-04,5.880E-04,1.418E+00,9.438E-03
304800,1.113988E+05,1.055017E+05,1.879E-04,0.000E+00,3.821E-03,5.881E-04,0.000E+00,0.000E+00,3.007E-04,5.881E-04,1.416E+00,9.438E-03
305400,1.113988E+05,1.055017E+05,1.856E-04,0.000E+00,3.824E-03,5.881E-04,0.000E+00,0.000E+00,3.006E-04,5.881E-04,1.413E+00,9.438E-03
306000,1.113988E+05,1.055017E+05,1.833E-04,0.000E+00,3.827E-03,5.881E-04,0.000E+00,0.000E+00,3.005E-04,5.881E-04,1.411E+00,9.438E-03
306600,1.113988E+05,1.055017E+05,1.809E-04,0.000E+00,3.830E-03,5.882E-04,0.000E+00,0.000E+00,3.004E-04,5.882E-04,1.408E+00,9.438E-03
307200,1.113988E+05,1.055017E+05,1.784E-04,0.000E+00,3.834E-03,5.882E-04,0.000E+00,0.000E+00,3.003E-04,5.882E-04,1.405E+00,9.438E-03
307800,1.113988E+05,1.055017E+05,1.759E-04,0.000E+00,3.837E-03,5.882E-04,0.000E+00,0.000E+00,3.003E-04,5.882E-04,1.402E+00,9.438E-03
308400,1.113988E+05,1.055017E+05,1.734E-04,0.000E+00,3.840E-03,5.883E-04,0.000E+00,0.000E+00,3.002E-04,5.883E-04,1.399E+00,9.438E-03
309000,1.113988E+05,1.055017E+05,1.708E-04,0.000E+00,3.843E-03,5.883E-04,0.000E+00,0.000E+00,3.001E-04,5.883E-04,1.396E+00,9.438E-03
309600,1.113988E+05,1.055017E+05,1.682E-04,0.000E+00,3.846E-03,5.884E-04,0.000E+00,0.000E+00,3.000E-04,5.884E-04,1.393E+00,9.438E-03
310200,1.113988E+05,1.055017E+05,1.655E-04,0.000E+00,3.850E-03,5.884E-04,0.000E+00,0.000E+00,2.999E-04,5.884E-04,1.390E+00,9.438E-03
310800,1.113988E+05,1.055017E+05,1.627E-04,0.000E+00,3.853E-03,5.885E-04,0.000E+00,0.000E+00,2.998E-04,5.885E-04,1.386E+00,9.438E-03
311400,1.113988E+05,1.055017E+05,1.599E-04,0.000E+00,3.857E-03,5.885E-04,0.000E+00,0.000E+00,2.997E-04,5.885E-04,1.383E+00,9.438E-03
312000,1.113988E+05,1.055017E+05,1.569E-04,0.000E+00,3.861E-03,5.886E-04,0.000E+00,0.000E+00,2.996E-04,5.886E-04,1.379E+00,9.438E-03
312600,1.113987E+05,1.055017E+05,1.539E-04,0.000E+00,3.864E-03,5.886E-04,0.000E+00,0.000E+00,2.995E-04,5.886E-04,1.376E+00,9.438E-03
313200,1.113987E+05,1.055017E+05,1.507E-04,0.000E+00,3.868E-03,5.887E-04,0.000E+00,0.000E+00,2.994E-04,5.887E-04,1.372E+00,9.438E-03
313800,1.113987E+05,1.055017E+05,1.473E-04,0.000E+00,3.873E-03,5.887E-04,0.000E+00,0.000E+00,2.993E-04,5.887E-04,1.368E+00,9.438E-03
314400,1.113987E+05,1.055017E+05,1.438E-04,0.000E+00,3.877E-03,5.888E-04,0.000E+00,0.000E+00,2.992E-04,5.888E-04,1.364E+00,9.438E-03
315000,1.113987E+05,1.055016E+05,1.400E-04,0.000E+00,3.882E-03,5.888E-04,0.000E+00,0.000E+00,2.991E-04,5.888E-04,1.360E+00,9.438E-03
315600,1.113986E+05,1.055016E+05,1.357E-04,2.049E-07,3.887E-03,5.888E-04,0.000E+00,0.000E+00,2.990E-04,5.888E-04,1.356E+00,9.438E-03
316200,1.113986E+05,1.055016E+05,1.317E-04,0.000E+00,3.892E-03,5.889E-04,0.000E+00,0.000E+00,2.989E-04,5.889E-04,1.351E+00,9.438E-03
316800,1.113986E+05,1.055016E+05,1.271E-04,2.030E-07,3.898E-03,5.889E-04,0.000E+00,0.000E+00,2.987E-04,5.889E-04,1.347E+00,9.438E-03
317400,1.113985E+05,1.055016E+05,1.211E-04,1.192E-06,3.904E-03,5.889E-04,0.000E+00,0.000E+00,2.986E-04,5.889E-04,1.342E+00,9.438E-03
318000,1.113985E+05,1.055016E+05,1.113E-04,5.833E-06,3.910E-03,5.889E-04,0.000E+00,0.000E+00,2.985E-04,5.889E-04,1.338E+00,9.438E-03
318600,1.113985E+05,1.055016E+05,1.044E-04,7.395E-06,3.917E-03,5.888E-04,0.000E+00,0.000E+00,2.983E-04,5.888E-04,1.333E+00,9.438E-03
319200,1.113986E+05,1.055016E+05,1.022E-04,5.288E-06,3.922E-03,5.888E-04,0.000E+00,0.000E+00,2.982E-04,5.888E-04,1.329E+00,9.438E-03
319800,1.113987E+05,1.055017E+05,9.982E-05,4.232E-06,3.927E-03,5.888E-04,0.000E+00,0.000E+00,2.981E-04,5.888E-04,1.324E+00,9.438E-03
320400,1.113989E+05,1.055018E+05,9.880E-05,2.715E-06,3.930E-03,5.889E-04,0.000E+00,0.000E+00,2.980E-04,5.889E-04,1.320E+00,9.438E-03
321000,1.113989E+05,1.055018E+05,9.659E-05,3.208E-06,3.932E-03,5.889E-04,0.000E+00,0.000E+00,2.980E-04,5.889E-04,1.316E+00,9.438E-03
321600,1.113989E+05,1.055018E+05,9.366E-05,4.547E-06,3.934E-03,5.890E-04,0.000E+00,0.000E+00,2.979E-04,5.890E-04,1.311E+00,9.438E-03
322200,1.113989E+05,1.055018E+05,9.289E-05,3.736E-06,3.936E-03,5.890E-04,0.000E+00,0.000E+00,2.978E-04,5.890E-04,1.307E+00,9.438E-03
322800,1.113990E+05,1.055018E+05,9.207E-05,3.117E-06,3.938E-03,5.890E-04,0.000E+00,0.000E+00,2.978E-04,5.890E-04,1.302E+00,9.438E-03
323400,1.113990E+05,1.055018E+05,9.153E-05,2.358E-06,3.940E-03,5.890E-04,0.000E+00,0.000E+00,2.977E-04,5.890E-04,1.298E+00,9.438E-03
324000,1.113990E+05,1.055018E+05,9.067E-05,2.022E-06,3.941E-03,5.890E-04,0.000E+00,0.000E+00,2.977E-04,5.890E-04,1.294E+00,9.438E-03
324600,1.113990E+05,1.055018E+05,9.007E-05,1.535E-06,3.943E-03,5.890E-04,0.000E+00,0.000E+00,2.977E-04,5.890E-04,1.289E+00,9.438E-03
325200,1.113990E+05,1.055018E+05,8.944E-05,1.034E-06,3.944E-03,5.889E-04,0.000E+00,0.000E+00,2.976E-04,5.889E-04,1.285E+00,9.438E-03
325800,1.113990E+05,1.055018E+05,8.877E-05,7.290E-07,3.945E-03,5.889E-04,0.000E+00,0.000E+00,2.976E-04,5.889E-04,1.281E+00,9.438E-03
326400,1.113990E+05,1.055018E+05,8.808E-05,5.152E-07,3.946E-03,5.888E-04,0.000E+00,0.000E+00,2.975E-04,5.888E-04,1.276E+00,9.438E-03
327000,1.113990E+05,1.055018E+05,8.735E-05,3.541E-07,3.948E-03,5.887E-04,0.000E+00,0.000E+00,2.975E-04,5.887E-04,1.272E+00,9.438E-03
327600,1.113990E+05,1.055018E+05,8.660E-05,2.094E-07,3.949E-03,5.886E-04,0.000E+00,0.000E+00,2.975E-04,5.886E-04,1.267E+00,9.438E-03
328200,1.113990E+05,1.055018E+05,8.581E-05,8.752E-08,3.950E-03,5.884E-04,0.000E+00,0.000E+00,2.974E-04,5.884E-04,1.263E+00,9.438E-03
328800,1.113990E+05,1.055018E+05,8.500E-05,6.195E-08,3.951E-03,5.883E-04,0.000E+00,0.000E+00,2.974E-04,5.883E-04,1.259E+00,9.438E-03
329400,1.113990E+05,1.055018E+05,8.417E-05,1.999E-08,3.952E-03,5.881E-04,0.000E+00,0.000E+00,2.974E-04,5.881E-04,1.254E+00,9.438E-03
330000,1.113990E+05,1.055018E+05,8.331E-05,0.000E+00,3.953E-03,5.879E-04,0.000E+00,0.000E+00,2.973E-04,5.879E-04,1.250E+00,9.438E-03
330600,1.113990E+05,1.055018E+05,8.243E-05,0.000E+00,3.954E-03,5.877E-04,0.000E+00,0.000E+00,2.973E-04,5.877E-04,1.245E+00,9.438E-03
331200,1.113990E+05,1.055018E+05,8.152E-05,0.000E+00,3.955E-03,5.875E-04,0.000E+00,0.000E+00,2.973E-04,5.875E-04,1.241E+00,9.438E-03
331800,1.113990E+05,1.055018E+05,8.060E-05,0.000E+00,3.956E-03,5.873E-04,0.000E+00,0.000E+00,2.972E-04,5.873E-04,1.237E+00,9.438E-03
332400,1.113990E+05,1.055018E+05,7.965E-05,0.000E+00,3.957E-03,5.871E-04,0.000E+00,0.000E+00,2.972E-04,5.871E-04,1.233E+00,9.438E-03
333000,1.113990E+05,1.055018E+05,7.869E-05,0.000E+00,3.958E-03,5.868E-04,0.000E+00,0.000E+00,2.972E-04,5.868E-04,1.229E+00,9.438E-03
333600,1.113990E+05,1.055018E+05,7.771E-05,0.000E+00,3.959E-03,5.866E-04,0.000E+00,0.000E+00,2.971E-04,5.866E-04,1.225E+00,9.438E-03
334200,1.113990E+05,1.055018E+05,7.671E-05,0.000E+00,3.960E-03,5.863E-04,0.000E+00,0.000E+00,2.971E-04,5.863E-04,1.221E+00,9.438E-03
334800,1.113990E+05,1.055018E+05,7.570E-05,0.000E+00,3.962E-03,5.861E-04,0.000E+00,0.000E+00,2.971E-04,5.861E-04,1.218E+00,9.438E-03
335400,1.113990E+05,1.055018E+05,7.467E-05,0.000E+00,3.963E-03,5.859E-04,0.000E+00,0.000E+00,2.970E-04,5.859E-04,1.215E+00,9.438E-03
336000,1.113990E+05,1.055018E+05,7.362E-05,0.000E+00,3.964E-03,5.856E-04,0.000E+00,0.000E+00,2.970E-04,5.856E-04,1.211E+00,9.438E-03
336600,1.113990E+05,1.055018E+05,7.256E-05,0.000E+00,3.965E-03,5.854E-04,0.000E+00,0.000E+00,2.970E-04,5.854E-04,1.208E+00,9.438E-03
337200,1.113990E+05,1.055018E+05,7.148E-05,0.000E+00,3.966E-03,5.851E-04,0.000E+00,0.000E+00,2.969E-04,5.851E-04,1.205E+00,9.438E-03
337800,1.113990E+05,1.055018E+05,7.039E-05,0.000E+00,3.967E-03,5.849E-04,0.000E+00,0.000E+00,2.969E-04,5.849E-04,1.202E+00,9.438E-03
338400,1.113990E+05,1.055018E+05,6.928E-05,0.000E+00,3.969E-03,5.847E-04,0.000E+00,0.000E+00,2.969E-04,5.847E-04,1.200E+00,9.438E-03
339000,1.113990E+05,1.055018E+05,6.816E-05,0.000E+00,3.970E-03,5.844E-04,0.000E+00,0.000E+00,2.968E-04,5.844E-04,1.197E+00,9.438E-03
339600,1.113990E+05,1.055018E+05,6.702E-05,0.000E+00,3.971E-03,5.842E-04,0.000E+00,0.000E+00,2.968E-04,5.842E-04,1.195E+00,9.438E-03
340200,1.113990E+05,1.055018E+05,6.586E-05,0.000E+00,3.972E-03,5.840E-04,0.000E+00,0.000E+00,2.968E-04,5.840E-04,1.192E+00,9.438E-03
340800,1.113990E+05,1.055018E+05,6.469E-05,0.000E+00,3.974E-03,5.838E-04,0.000E+00,0.000E+00,2.967E-04,5.838E-04,1.190E+00,9.438E-03
341400,1.113990E+05,1.055018E+05,6.350E-05,0.000E+00,3.975E-03,5.835E-04,0.000E+00,0.000E+00,2.967E-04,5.835E-04,1.188E+00,9.438E-03
342000,1.113990E+05,1.055018E+05,6.229E-05,0.000E+00,3.976E-03,5.833E-04,0.000E+00,0.000E+00,2.967E-04,5.833E-04,1.185E+00,9.438E-03
342600,1.113990E+05,1.055018E+05,6.107E-05,0.000E+00,3.978E-03,5.831E-04,0.000E+00,0.000E+00,2.966E-04,5.831E-04,1.183E+00,9.438E-03
343200,1.113990E+05,1.055018E+05,5.983E-05,0.000E+00,3.979E-03,5.829E-04,0.000E+00,0.000E+00,2.966E-04,5.829E-04,1.181E+00,9.438E-03
343800,1.113990E+05,1.055018E+05,5.858E-05,0.000E+00,3.980E-03,5.827E-04,0.000E+00,0.000E+00,2.966E-04,5.827E-04,1.179E+00,9.438E-03
344400,1.113990E+05,1.055018E+05,5.730E-05,0.000E+00,3.982E-03,5.825E-04,0.000E+00,0.000E+00,2.965E-04,5.825E-04,1.176E+00,9.438E-03
345000,1.113990E+05,1.055018E+05,5.600E-05,0.000E+00,3.983E-03,5.823E-04,0.000E+00,0.000E+00,2.965E-04,5.823E-04,1.174E+00,9.438E-03
345600,1.113990E+05,1.055018E+05,5.468E-05,0.000E+00,3.985E-03,5.821E-04,0.000E+00,0.000E+00,2.965E-04,5.821E-04,1.172E+00,9.438E-03
346200,1.113990E+05,1.055018E+05,5.335E-05,0.000E+00,3.986E-03,5.819E-04,0.000E+00,0.000E+00,2.964E-04,5.819E-04,1.169E+00,9.438E-03
346800,1.113990E+05,1.055018E+05,5.199E-05,0.000E+00,3.987E-03,5.818E-04,0.000E+00,0.000E+00,2.964E-04,5.818E-04,1.167E+00,9.438E-03
347400,1.113990E+05,1.055018E+05,5.060E-05,0.000E+00,3.989E-03,5.816E-04,0.000E+00,0.000E+00,2.964E-04,5.816E-04,1.165E+00,9.438E-03
348000,1.113990E+05,1.055018E+05,4.919E-05,0.000E+00,3.991E-03,5.814E-04,0.000E+00,0.000E+00,2.964E-04,5.814E-04,1.162E+00,9.438E-03
348600,1.113990E+05,1.055018E+05,4.776E-05,0.000E+00,3.992E-03,5.812E-04,0.000E+00,0.000E+00,2.963E-04,5.812E-04,1.159E+00,9.438E-03
349200,1.113990E+05,1.055018E+05,4.629E-05,0.000E+00,3.994E-03,5.811E-04,0.000E+00,0.000E+00,2.963E-04,5.811E-04,1.157E+00,9.438E-03
349800,1.113990E+05,1.055018E+05,4.480E-05,0.000E+00,3.995E-03,5.809E-04,0.000E+00,0.000E+00,2.963E-04,5.809E-04,1.154E+00,9.438E-03
350400,1.113989E+05,1.055018E+05,4.327E-05,0.000E+00,3.997E-03,5.807E-04,0.000E+00,0.000E+00,2.962E-04,5.807E-04,1.152E+00,9.438E-03
351000,1.113989E+05,1.055018E+05,4.170E-05,0.000E+00,3.999E-03,5.806E-04,0.000E+00,0.000E+00,2.962E-04,5.806E-04,1.149E+00,9.438E-03
351600,1.113989E+05,1.055018E+05,4.009E-05,0.000E+00,4.001E-03,5.804E-04,0.000E+00,0.000E+00,2.962E-04,5.804E-04,1.146E+00,9.438E-03
352200,1.113989E+05,1.055018E+05,3.843E-05,0.000E+00,4.003E-03,5.803E-04,0.000E+00,0.000E+00,2.961E-04,5.803E-04,1.143E+00,9.438E-03
352800,1.113989E+05,1.055018E+05,3.672E-05,0.000E+00,4.005E-03,5.801E-04,0.000E+00,0.000E+00,2.961E-04,5.801E-04,1.140E+00,9.438E-03
353400,1.113989E+05,1.055018E+05,3.494E-05,0.000E+00,4.007E-03,5.800E-04,0.000E+00,0.000E+00,2.960E-04,5.800E-04,1.137E+00,9.438E-03
354000,1.113989E+05,1.055018E+05,3.309E-05,0.000E+00,4.009E-03,5.798E-04,0.000E+00,0.000E+00,2.960E-04,5.798E-04,1.134E+00,9.438E-03
354600,1.113989E+05,1.055018E+05,3.116E-05,0.000E+00,4.011E-03,5.797E-04,0.000E+00,0.000E+00,2.960E-04,5.797E-04,1.131E+00,9.438E-03
355200,1.113989E+05,1.055017E+05,2.913E-05,0.000E+00,4.013E-03,5.795E-04,0.000E+00,0.000E+00,2.959E-04,5.795E-04,1.128E+00,9.438E-03
355800,1.113989E+05,1.055017E+05,2.697E-05,0.000E+00,4.016E-03,5.794E-04,0.000E+00,0.000E+00,2.959E-04,5.794E-04,1.124E+00,9.438E-03
356400,1.113989E+05,1.055017E+05,2.466E-05,0.000E+00,4.019E-03,5.792E-04,0.000E+00,0.000E+00,2.958E-04,5.792E-04,1.121E+00,9.438E-03
357000,1.113988E+05,1.055017E+05,2.217E-05,0.000E+00,4.021E-03,5.791E-04,0.000E+00,0.000E+00,2.958E-04,5.791E-04,1.118E+00,9.438E-03
357600,1.113988E+05,1.055017E+05,1.825E-05,1.235E-06,4.025E-03,5.789E-04,0.000E+00,0.000E+00,2.957E-04,5.789E-04,1.114E+00,9.438E-03
358200,1.113988E+05,1.055017E+05,1.433E-05,2.266E-06,4.028E-03,5.787E-04,0.000E+00,0.000E+00,2.957E-04,5.787E-04,1.111E+00,9.438E-03
358800,1.113988E+05,1.055017E+05,9.995E-06,3.816E-06,4.031E-03,5.786E-04,0.000E+00,0.000E+00,2.956E-04,5.786E-04,1.107E+00,9.438E-03
359400,1.113989E+05,1.055017E+05,8.209E-06,3.090E-06,4.034E-03,5.784E-04,0.000E+00,0.000E+00,2.955E-04,5.784E-04,1.104E+00,9.438E-03
360000,1.113989E+05,1.055018E+05,5.761E-06,3.360E-06,4.037E-03,5.783E-04,0.000E+00,0.000E+00,2.955E-04,5.783E-04,1.100E+00,9.438E-03
360600,1.113989E+05,1.055018E+05,4.728E-06,2.521E-06,4.039E-03,5.782E-04,0.000E+00,0.000E+00,2.955E-04,5.782E-04,1.097E+00,9.438E-03
361200,1.113990E+05,1.055018E+05,3.793E-06,2.089E-06,4.041E-03,5.781E-04,0.000E+00,0.000E+00,2.954E-04,5.781E-04,1.093E+00,9.438E-03
361800,1.113990E+05,1.055018E+05,2.298E-06,2.394E-06,4.042E-03,5.781E-04,0.000E+00,0.000E+00,2.954E-04,5.781E-04,1.089E+00,9.438E-03
362400,1.113990E+05,1.055018E+05,9.602E-07,2.773E-06,4.043E-03,5.780E-04,0.000E+00,0.000E+00,2.954E-04,5.780E-04,1.086E+00,9.438E-03
363000,1.113990E+05,1.055018E+05,0.000E+00,2.979E-06,4.044E-03,5.779E-04,0.000E+00,0.000E+00,2.954E-04,5.779E-04,1.082E+00,9.438E-03
363600,1.113990E+05,1.055018E+05,0.000E+00,2.260E-06,4.045E-03,5.778E-04,0.000E+00,0.000E+00,2.954E-04,5.778E-04,1.079E+00,9.438E-03
364200,1.113991E+05,1.055018E+05,0.000E+00,1.602E-06,4.045E-03,5.777E-04,0.000E+00,0.000E+00,2.954E-04,5.777E-04,1.075E+00,9.438E-03
364800,1.113991E+05,1.055019E+05,7.633E-17,1.274E-06,4.046E-03,5.776E-04,0.000E+00,0.000E+00,2.954E-04,5.776E-04,1.071E+00,9.438E-03
365400,1.113991E+05,1.055019E+05,3.990E-17,1.001E-06,4.046E-03,5.775E-04,0.000E+00,0.000E+00,2.954E-04,5.775E-04,1.068E+00,9.438E-03
366000,1.113991E+05,1.055019E+05,5.551E-17,7.182E-07,4.046E-03,5.774E-04,0.000E+00,0.000E+00,2.954E-04,5.774E-04,1.064E+00,9.438E-03
366600,1.113991E+05,1.055019E+05,0.000E+00,4.989E-07,4.046E-03,5.773E-04,0.000E+00,0.000E+00,2.954E-04,5.773E-04,1.060E+00,9.438E-03
367200,1.113991E+05,1.055019E+05,4.163E-17,3.209E-07,4.046E-03,5.771E-04,0.000E+00,0.000E+00,2.955E-04,5.771E-04,1.056E+00,9.438E-03
367800,1.113991E+05,1.055019E+05,1.735E-17,2.192E-07,4.046E-03,5.770E-04,0.000E+00,0.000E+00,2.955E-04,5.770E-04,1.052E+00,9.438E-03
368400,1.113991E+05,1.055019E+05,2.082E-17,1.500E-07,4.046E-03,5.768E-04,0.000E+00,0.000E+00,2.955E-04,5.768E-04,1.049E+00,9.438E-03
369000,1.113991E+05,1.055019E+05,0.000E+00,9.361E-08,4.046E-03,5.767E-04,0.000E+00,0.000E+00,2.955E-04,5.767E-04,1.045E+00,9.438E-03
369600,1.113991E+05,1.055019E+05,9.107E-17,3.196E-08,4.046E-03,5.765E-04,0.000E+00,0.000E+00,2.955E-04,5.765E-04,1.041E+00,9.438E-03
370200,1.113991E+05,1.055019E+05,0.000E+00,0.000E+00,4.046E-03,5.763E-04,0.000E+00,0.000E+00,2.955E-04,5.763E-04,1.037E+00,9.438E-03
370800,1.113991E+05,1.055019E+05,0.000E+00,0.000E+00,4.046E-03,5.761E-04,0.000E+00,0.000E+00,2.956E-04,5.761E-04,1.033E+00,9.438E-03
371400,1.113991E+05,1.055019E+05,0.000E+00,0.000E+00,4.046E-03,5.759E-04,0.000E+00,0.000E+00,2.956E-04,5.759E-04,1.029E+00,9.438E-03
372000,1.113991E+05,1.055019E+05,0.000E+00,0.000E+00,4.046E-03,5.757E-04,0.000E+00,0.000E+00,2.956E-04,5.757E-04,1.025E+00,9.438E-03
372600,1.113991E+05,1.055019E+05,0.000E+00,0.000E+00,4.046E-03,5.755E-04,0.000E+00,0.000E+00,2.956E-04,5.755E-04,1.021E+00,9.438E-03
373200,1.113991E+05,1.055019E+05,0.000E+00,0.000E+00,4.046E-03,5.753E-04,0.000E+00,0.000E+00,2.956E-04,5.753E-04,1.017E+00,9.438E-03
373800,1.113991E+05,1.055019E+05,0.000E+00,0.000E+00,4.046E-03,5.751E-04,0.000E+00,0.000E+00,2.957E-04,5.751E-04,1.013E+00,9.438E-03
374400,1.113991E+05,1.055019E+05,0.000E+00,0.000E+00,4.046E-03,5.748E-04,0.000E+00,0.000E+00,2.957E-04,5.748E-04,1.009E+00,9.438E-03
375000,1.113991E+05,1.055019E+05,0.000E+00,0.000E+00,4.045E-03,5.746E-04,0.000E+00,0.000E+00,2.957E-04,5.746E-04,1.006E+00,9.438E-03
375600,1.113991E+05,1.055019E+05,0.000E+00,0.000E+00,4.045E-03,5.744E-04,0.000E+00,0.000E+00,2.957E-04,5.744E-04,1.002E+00,9.438E-03
376200,1.113991E+05,1.055019E+05,0.000E+00,0.000E+00,4.045E-03,5.742E-04,0.000E+00,0.000E+00,2.958E-04,5.742E-04,9.983E-01,9.438E-03
376800,1.113991E+05,1.055019E+05,0.000E+00,0.000E+00,4.045E-03,5.739E-04,0.000E+00,0.000E+00,2.958E-04,5.739E-04,9.947E-01,9.438E-03
377400,1.113991E+05,1.055019E+05,0.000E+00,0.000E+00,4.045E-03,5.737E-04,0.000E+00,0.000E+00,2.958E-04,5.737E-04,9.912E-01,9.438E-03
378000,1.113991E+05,1.055019E+05,0.000E+00,0.000E+00,4.045E-03,5.735E-04,0.000E+00,0.000E+00,2.958E-04,5.735E-04,9.878E-01,9.438E-03
378600,1.113991E+05,1.055019E+05,0.000E+00,0.000E+00,4.045E-03,5.733E-04,0.000E+00,0.000E+00,2.959E-04,5.733E-04,9.844E-01,9.438E-03
379200,1.113991E+05,1.055019E+05,0.000E+00,0.000E+00,4.045E-03,5.730E-04,0.000E+00,0.000E+00,2.959E-04,5.730E-04,9.810E-01,9.438E-03
379800,1.113991E+05,1.055019E+05,0.000E+00,0.000E+00,4.045E-03,5.728E-04,0.000E+00,0.000E+00,2.959E-04,5.728E-04,9.777E-01,9.438E-03
380400,1.113991E+05,1.055019E+05,0.000E+00,0.000E+00,4.045E-03,5.726E-04,0.000E+00,0.000E+00,2.959E-04,5.726E-04,9.743E-01,9.438E-03
381000,1.113991E+05,1.055019E+05,0.000E+00,0.000E+00,4.045E-03,5.724E-04,0.000E+00,0.000E+00,2.960E-04,5.724E-04,9.710E-01,9.438E-03
381600,1.113991E+05,1.055019E+05,0.000E+00,0.000E+00,4.045E-03,5.721E-04,0.000E+00,0.000E+00,2.960E-04,5.721E-04,9.677E-01,9.438E-03
382200,1.113991E+05,1.055019E+05,0.000E+00,0.000E+00,4.045E-03,5.719E-04,0.000E+00,0.000E+00,2.960E-04,5.719E-04,9.644E-01,9.438E-03
382800,1.113991E+05,1.055019E+05,0.000E+00,0.000E+00,4.045E-03,5.717E-04,0.000E+00,0.000E+00,2.960E-04,5.717E-04,9.611E-01,9.438E-03
383400,1.113991E+05,1.055019E+05,0.000E+00,0.000E+00,4.044E-03,5.715E-04,0.000E+00,0.000E+00,2.961E-04,5.715E-04,9.579E-01,9.438E-03
384000,1.113991E+05,1.055019E+05,0.000E+00,0.000E+00,4.044E-03,5.713E-04,0.000E+00,0.000E+00,2.961E-04,5.713E-04,9.546E-01,9.438E-03
384600,1.113991E+05,1.055019E+05,0.000E+00,0.000E+00,4.044E-03,5.710E-04,0.000E+00,0.000E+00,2.961E-04,5.710E-04,9.514E-01,9.438E-03
385200,1.113991E+05,1.055019E+05,0.000E+00,0.000E+00,4.044E-03,5.708E-04,0.000E+00,0.000E+00,2.962E-04,5.708E-04,9.481E-01,9.438E-03
385800,1.113991E+05,1.055019E+05,0.000E+00,0.000E+00,4.044E-03,5.706E-04,0.000E+00,0.000E+00,2.962E-04,5.706E-04,9.449E-01,9.438E-03
386400,1.113991E+05,1.055019E+05,0.000E+00,0.000E+00,4.044E-03,5.704E-04,0.000E+00,0.000E+00,2.962E-04,5.704E-04,9.416E-01,9.438E-03
387000,1.113991E+05,1.055019E+05,0.000E+00,0.000E+00,4.044E-03,5.702E-04,0.000E+00,0.000E+00,2.962E-04,5.702E-04,9.384E-01,9.438E-03
387600,1.113991E+05,1.055019E+05,0.000E+00,0.000E+00,4.044E-03,5.700E-04,0.000E+00,0.000E+00,2.963E-04,5.700E-04,9.351E-01,9.438E-03
388200,1.113991E+05,1.055019E+05,0.000E+00,0.000E+00,4.044E-03,5.698E-04,0.000E+00,0.000E+00,2.963E-04,5.698E-04,9.317E-01,9.438E-03
388800,1.113991E+05,1.055019E+05,0.000E+00,0.000E+00,4.044E-03,5.696E-04,0.000E+00,0.000E+00,2.963E-04,5.696E-04,9.284E-01,9.438E-03
389400,1.113991E+05,1.055019E+05,0.000E+00,0.000E+00,4.044E-03,5.694E-04,0.000E+00,0.000E+00,2.964E-04,5.694E-04,9.250E-01,9.438E-03
390000,1.113991E+05,1.055019E+05,0.000E+00,0.000E+00,4.044E-03,5.692E-04,0.000E+00,0.000E+00,2.964E-04,5.692E-04,9.216E-01,9.438E-03
390600,1.113991E+05,1.055019E+05,0.000E+00,0.000E+00,4.044E-03,5.690E-04,0.000E+00,0.000E+00,2.964E-04,5.690E-04,9.181E-01,9.438E-03
391200,1.113991E+05,1.055019E+05,0.000E+00,0.000E+00,4.044E-03,5.688E-04,0.000E+00,0.000E+00,2.965E-04,5.688E-04,9.146E-01,9.438E-03
391800,1.113991E+05,1.055019E+05,0.000E+00,0.000E+00,4.044E-03,5.686E-04,0.000E+00,0.000E+00,2.965E-04,5.686E-04,9.111E-01,9.438E-03
392400,1.113991E+05,1.055019E+05,0.000E+00,0.000E+00,4.044E-03,5.684E-04,0.000E+00,0.000E+00,2.965E-04,5.684E-04,9.076E-01,9.438E-03
393000,1.113991E+05,1.055019E+05,0.000E+00,0.000E+00,4.044E-03,5.682E-04,0.000E+00,0.000E+00,2.966E-04,5.682E-04,9.040E-01,9.438E-03
393600,1.113991E+05,1.055019E+05,0.000E+00,0.000E+00,4.044E-03,5.680E-04,0.000E+00,0.000E+00,2.966E-04,5.680E-04,9.004E-01,9.438E-03
394200,1.113991E+05,1.055019E+05,0.000E+00,0.000E+00,4.044E-03,5.679E-04,0.000E+00,0.000E+00,2.966E-04,5.679E-04,8.967E-01,9.438E-03
394800,1.113991E+05,1.055019E+05,0.000E+00,0.000E+00,4.044E-03,5.677E-04,0.000E+00,0.000E+00,2.967E-04,5.677E-04,8.930E-01,9.438E-03
395400,1.113991E+05,1.055019E+05,0.000E+00,0.000E+00,4.044E-03,5.675E-04,0.000E+00,0.000E+00,2.967E-04,5.675E-04,8.893E-01,9.438E-03
396000,1.113991E+05,1.055019E+05,0.000E+00,0.000E+00,4.044E-03,5.673E-04,0.000E+00,0.000E+00,2.967E-04,5.673E-04,8.856E-01,9.438E-03
396600,1.113991E+05,1.055019E+05,0.000E+00,0.000E+00,4.044E-03,5.672E-04,0.000E+00,0.000E+00,2.968E-04,5.672E-04,8.820E-01,9.438E-03
397200,1.113991E+05,1.055019E+05,0.000E+00,0.000E+00,4.044E-03,5.670E-04,0.000E+00,0.000E+00,2.968E-04,5.670E-04,8.783E-01,9.438E-03
397800,1.113991E+05,1.055019E+05,0.000E+00,0.000E+00,4.043E-03,5.669E-04,0.000E+00,0.000E+00,2.968E-04,5.669E-04,8.746E-01,9.438E-03
398400,1.113991E+05,1.055019E+05,0.000E+00,0.000E+00,4.043E-03,5.667E-04,0.000E+00,0.000E+00,2.969E-04,5.667E-04,8.709E-01,9.438E-03
399000,1.113991E+05,1.055019E+05,0.000E+00,0.000E+00,4.043E-03,5.665E-04,0.000E+00,0.000E+00,2.969E-04,5.665E-04,8.672E-01,9.438E-03
399600,1.113991E+05,1.055019E+05,0.000E+00,0.000E+00,4.043E-03,5.664E-04,0.000E+00,0.000E+00,2.969E-04,5.664E-04,8.635E-01,9.438E-03
400200,1.113991E+05,1.055019E+05,0.000E+00,0.000E+00,4.043E-03,5.662E-04,0.000E+00,0.000E+00,2.970E-04,5.662E-04,8.597E-01,9.438E-03
400800,1.113991E+05,1.055019E+05,0.000E+00,0.000E+00,4.043E-03,5.661E-04,0.000E+00,0.000E+00,2.970E-04,5.661E-04,8.560E-01,9.438E-03
401400,1.113991E+05,1.055019E+05,0.000E+00,0.000E+00,4.043E-03,5.660E-04,0.000E+00,0.000E+00,2.971E-04,5.660E-04,8.522E-01,9.438E-03
402000,1.113991E+05,1.055019E+05,0.000E+00,0.000E+00,4.043E-03,5.658E-04,0.000E+00,0.000E+00,2.971E-04,5.658E-04,8.485E-01,9.438E-03
402600,1.113991E+05,1.055019E+05,0.000E+00,0.000E+00,4.043E-03,5.657E-04,0.000E+00,0.000E+00,2.971E-04,5.657E-04,8.447E-01,9.438E-03
403200,1.113991E+05,1.055019E+05,0.000E+00,0.000E+00,4.043E-03,5.656E-04,0.000E+00,0.000E+00,2.972E-04,5.656E-04,8.409E-01,9.438E-03
403800,1.113991E+05,1.055019E+05,0.000E+00,0.000E+00,4.043E-03,5.654E-04,0.000E+00,0.000E+00,2.972E-04,5.654E-04,8.372E-01,9.438E-03
404400,1.113991E+05,1.055019E+05,0.000E+00,0.000E+00,4.043E-03,5.653E-04,0.000E+00,0.000E+00,2.972E-04,5.653E-04,8.334E-01,9.438E-03
405000,1.113991E+05,1.055019E+05,0.000E+00,0.000E+00,4.043E-03,5.652E-04,0.000E+00,0.000E+00,2.973E-04,5.652E-04,8.297E-01,9.438E-03
405600,1.113991E+05,1.055019E+05,0.000E+00,0.000E+00,4.043E-03,5.651E-04,0.000E+00,0.000E+00,2.973E-04,5.651E-04,8.260E-01,9.438E-03
406200,1.113991E+05,1.055019E+05,0.000E+00,0.000E+00,4.043E-03,5.650E-04,0.000E+00,0.000E+00,2.974E-04,5.650E-04,8.222E-01,9.438E-03
406800,1.113991E+05,1.055019E+05,0.000E+00,0.000E+00,4.043E-03,5.649E-04,0.000E+00,0.000E+00,2.974E-04,5.649E-04,8.185E-01,9.438E-03
407400,1.113991E+05,1.055019E+05,0.000E+00,0.000E+00,4.043E-03,5.647E-04,0.000E+00,0.000E+00,2.974E-04,5.647E-04,8.148E-01,9.438E-03
408000,1.113991E+05,1.055019E+05,0.000E+00,0.000E+00,4.043E-03,5.646E-04,0.000E+00,0.000E+00,2.975E-04,5.646E-04,8.110E-01,9.438E-03
408600,1.113991E+05,1.055019E+05,0.000E+00,0.000E+00,4.043E-03,5.645E-04,0.000E+00,0.000E+00,2.975E-04,5.645E-04,8.073E-01,9.438E-03
409200,1.113991E+05,1.055019E+05,0.000E+00,0.000E+00,4.043E-03,5.644E-04,0.000E+00,0.000E+00,2.976E-04,5.644E-04,8.036E-01,9.438E-03
409800,1.113991E+05,1.055019E+05,0.000E+00,0.000E+00,4.043E-03,5.643E-04,0.000E+00,0.000E+00,2.976E-04,5.643E-04,7.999E-01,9.438E-03
410400,1.113991E+05,1.055019E+05,0.000E+00,0.000E+00,4.043E-03,5.643E-04,0.000E+00,0.000E+00,2.977E-04,5.643E-04,7.962E-01,9.438E-03
411000,1.113991E+05,1.055019E+05,0.000E+00,0.000E+00,4.043E-03,5.642E-04,0.000E+00,0.000E+00,2.977E-04,5.642E-04,7.925E-01,9.438E-03
411600,1.113991E+05,1.055019E+05,0.000E+00,0.000E+00,4.043E-03,5.641E-04,0.000E+00,0.000E+00,2.977E-04,5.641E-04,7.888E-01,9.438E-03
412200,1.113991E+05,1.055019E+05,0.000E+00,0.000E+00,4.043E-03,5.640E-04,0.000E+00,0.000E+00,2.978E-04,5.640E-04,7.851E-01,9.438E-03
412800,1.113991E+05,1.055019E+05,0.000E+00,0.000E+00,4.043E-03,5.639E-04,0.000E+00,0.000E+00,2.978E-04,5.639E-04,7.815E-01,9.438E-03
413400,1.113991E+05,1.055019E+05,0.000E+00,0.000E+00,4.043E-03,5.638E-04,0.000E+00,0.000E+00,2.979E-04,5.638E-04,7.779E-01,9.438E-03
414000,1.113991E+05,1.055019E+05,0.000E+00,0.000E+00,4.043E-03,5.638E-04,0.000E+00,0.000E+00,2.979E-04,5.638E-04,7.743E-01,9.438E-03
414600,1.113991E+05,1.055019E+05,0.000E+00,0.000E+00,4.043E-03,5.637E-04,0.000E+00,0.000E+00,2.980E-04,5.637E-04,7.707E-01,9.438E-03
415200,1.113991E+05,1.055019E+05,0.000E+00,0.000E+00,4.043E-03,5.636E-04,0.000E+00,0.000E+00,2.980E-04,5.636E-04,7.672E-01,9.438E-03
415800,1.113991E+05,1.055019E+05,0.000E+00,0.000E+00,4.043E-03,5.636E-04,0.000E+00,0.000E+00,2.981E-04,5.636E-04,7.636E-01,9.438E-03
416400,1.113991E+05,1.055019E+05,0.000E+00,0.000E+00,4.043E-03,5.635E-04,0.000E+00,0.000E+00,2.981E-04,5.635E-04,7.601E-01,9.438E-03
417000,1.113991E+05,1.055019E+05,0.000E+00,0.000E+00,4.043E-03,5.634E-04,0.000E+00,0.000E+00,2.981E-04,5.634E-04,7.566E-01,9.438E-03
417600,1.113991E+05,1.055019E+05,0.000E+00,0.000E+00,4.043E-03,5.634E-04,0.000E+00,0.000E+00,2.982E-04,5.634E-04,7.531E-01,9.438E-03
418200,1.113991E+05,1.055019E+05,0.000E+00,0.000E+00,4.043E-03,5.633E-04,0.000E+00,0.000E+00,2.982E-04,5.633E-04,7.495E-01,9.438E-03
418800,1.113991E+05,1.055019E+05,0.000E+00,0.000E+00,4.043E-03,5.633E-04,0.000E+00,0.000E+00,2.983E-04,5.633E-04,7.460E-01,9.438E-03
419400,1.113991E+05,1.055019E+05,0.000E+00,0.000E+00,4.043E-03,5.632E-04,0.000E+00,0.000E+00,2.983E-04,5.632E-04,7.425E-01,9.438E-03
420000,1.113991E+05,1.055019E+05,0.000E+00,0.000E+00,4.043E-03,5.632E-04,0.000E+00,0.000E+00,2.984E-04,5.632E-04,7.391E-01,9.438E-03
420600,1.113991E+05,1.055019E+05,0.000E+00,0.000E+00,4.043E-03,5.631E-04,0.000E+00,0.000E+00,2.984E-04,5.631E-04,7.356E-01,9.438E-03
421200,1.113991E+05,1.055019E+05,0.000E+00,0.000E+00,4.043E-03,5.631E-04,0.000E+00,0.000E+00,2.985E-04,5.631E-04,7.321E-01,9.438E-03
421800,1.113991E+05,1.055019E+05,0.000E+00,0.000E+00,4.043E-03,5.630E-04,0.000E+00,0.000E+00,2.985E-04,5.630E-04,7.287E-01,9.438E-03
422400,1.113991E+05,1.055019E+05,0.000E+00,0.000E+00,4.043E-03,5.630E-04,0.000E+00,0.000E+00,2.986E-04,5.630E-04,7.253E-01,9.438E-03
423000,1.113991E+05,1.055019E+05,0.000E+00,0.000E+00,4.043E-03,5.630E-04,0.000E+00,0.000E+00,2.986E-04,5.630E-04,7.219E-01,9.438E-03
423600,1.113991E+05,1.055019E+05,0.000E+00,0.000E+00,4.043E-03,5.629E-04,0.000E+00,0.000E+00,2.987E-04,5.629E-04,7.185E-01,9.438E-03
424200,1.113991E+05,1.055019E+05,0.000E+00,0.000E+00,4.043E-03,5.629E-04,0.000E+00,0.000E+00,2.987E-04,5.629E-04,7.151E-01,9.438E-03
424800,1.113991E+05,1.055019E+05,0.000E+00,0.000E+00,4.043E-03,5.629E-04,0.000E+00,0.000E+00,2.988E-04,5.629E-04,7.118E-01,9.438E-03
425400,1.113991E+05,1.055019E+05,0.000E+00,0.000E+00,4.043E-03,5.628E-04,0.000E+00,0.000E+00,2.988E-04,5.628E-04,7.085E-01,9.438E-03
426000,1.113991E+05,1.055019E+05,0.000E+00,0.000E+00,4.043E-03,5.628E-04,0.000E+00,0.000E+00,2.989E-04,5.628E-04,7.052E-01,9.438E-03
426600,1.113991E+05,1.055019E+05,0.000E+00,0.000E+00,4.043E-03,5.628E-04,0.000E+00,0.000E+00,2.989E-04,5.628E-04,7.019E-01,9.438E-03
427200,1.113991E+05,1.055019E+05,0.000E+00,0.000E+00,4.043E-03,5.628E-04,0.000E+00,0.000E+00,2.990E-04,5.628E-04,6.986E-01,9.438E-03
427800,1.113991E+05,1.055019E+05,0.000E+00,0.000E+00,4.043E-03,5.628E-04,0.000E+00,0.000E+00,2.990E-04,5.628E-04,6.953E-01,9.438E-03
428400,1.113991E+05,1.055019E+05,0.000E+00,0.000E+00,4.043E-03,5.627E-04,0.000E+00,0.000E+00,2.991E-04,5.627E-04,6.921E-01,9.438E-03
429000,1.113991E+05,1.055019E+05,0.000E+00,0.000E+00,4.044E-03,5.627E-04,0.000E+00,0.000E+00,2.991E-04,5.627E-04,6.888E-01,9.438E-03
429600,1.113991E+05,1.055019E+05,0.000E+00,0.000E+00,4.044E-03,5.627E-04,0.000E+00,0.000E+00,2.992E-04,5.627E-04,6.856E-01,9.438E-03
430200,1.113991E+05,1.055019E+05,0.000E+00,0.000E+00,4.044E-03,5.627E-04,0.000E+00,0.000E+00,2.992E-04,5.627E-04,6.824E-01,9.438E-03
430800,1.113991E+05,1.055019E+05,0.000E+00,0.000E+00,4.044E-03,5.627E-04,0.000E+00,0.000E+00,2.993E-04,5.627E-04,6.792E-01,9.438E-03
431400,1.113991E+05,1.055019E+05,0.000E+00,0.000E+00,4.044E-03,5.627E-04,0.000E+00,0.000E+00,2.993E-04,5.627E-04,6.761E-01,9.438E-03
432000,1.113991E+05,1.055019E+05,0.000E+00,0.000E+00,4.044E-03,5.627E-04,0.000E+00,0.000E+00,2.994E-04,5.627E-04,6.730E-01,9.438E-03
