# t [s], p1 [Pa], p2 [Pa], mobA [kg], immA [kg], dissA [kg], sealA [kg], <same for B>, MC [m^2], sealTot [kg]
6.000e+02,1.11763e+05,1.05885e+05,0.000e+00,0.000e+00,0.000e+00,0.000e+00,0.000e+00,0.000e+00,0.000e+00,0.000e+00,0.000e+00,0.000e+00
1.200e+03,1.11763e+05,1.05885e+05,9.203e-07,0.000e+00,2.082e-05,1.686e-08,0.000e+00,0.000e+00,9.298e-29,9.025e-29,1.655e-02,1.861e-07
1.800e+03,1.11763e+05,1.05885e+05,1.054e-05,0.000e+00,1.622e-04,8.034e-07,0.000e+00,0.000e+00,6.097e-26,6.087e-26,3.309e-02,1.347e-06
2.400e+03,1.11764e+05,1.05885e+05,2.356e-05,0.000e+00,3.173e-04,3.676e-06,0.000e+00,0.000e+00,5.865e-24,5.853e-24,4.964e-02,4.686e-06
3.000e+03,1.11766e+05,1.05886e+05,9.627e-05,0.000e+00,4.080e-04,2.919e-05,0.000e+00,0.000e+00,1.040e-18,1.028e-18,6.618e-02,3.378e-05
3.600e+03,1.11765e+05,1.05885e+05,2.027e-04,6.604e-09,4.601e-04,6.896e-05,0.000e+00,0.000e+00,3.694e-16,3.609e-16,8.273e-02,7.948e-05
4.200e+03,1.11768e+05,1.05887e+05,2.683e-04,0.000e+00,5.567e-04,9.039e-05,0.000e+00,0.000e+00,3.771e-15,3.657e-15,9.927e-02,1.050e-04
4.800e+03,1.11766e+05,1.05886e+05,3.615e-04,6.188e-08,6.207e-04,1.187e-04,0.000e+00,0.000e+00,5.637e-14,5.400e-14,1.158e-01,1.398e-04
5.400e+03,1.11768e+05,1.05887e+05,4.693e-04,0.000e+00,6.656e-04,1.478e-04,0.000e+00,0.000e+00,6.609e-13,6.233e-13,1.324e-01,1.774e-04
6.000e+03,1.11765e+05,1.05886e+05,5.658e-04,1.968e-08,7.194e-04,1.699e-04,0.000e+00,0.000e+00,4.152e-12,3.856e-12,1.489e-01,2.086e-04
6.600e+03,1.11766e+05,1.05886e+05,6.326e-04,8.485e-10,8.075e-04,1.822e-04,0.000e+00,0.000e+00,1.198e-11,1.100e-11,1.655e-01,2.280e-04
7.200e+03,1.11765e+05,1.05886e+05,7.129e-04,0.000e+00,8.765e-04,1.954e-04,0.000e+00,0.000e+00,3.786e-11,3.423e-11,1.820e-01,2.506e-04
7.800e+03,1.11766e+05,1.05886e+05,7.962e-04,0.000e+00,9.405e-04,2.072e-04,0.000e+00,0.000e+00,1.028e-10,9.120e-11,1.985e-01,2.723e-04
8.400e+03,1.11766e+05,1.05886e+05,8.897e-04,0.000e+00,9.826e-04,2.187e-04,0.000e+00,0.000e+00,2.620e-10,2.269e-10,2.151e-01,2.948e-04
9.000e+03,1.11765e+05,1.05886e+05,9.762e-04,0.000e+00,1.022e-03,2.283e-04,0.000e+00,0.000e+00,5.693e-10,4.780e-10,2.638e-01,3.153e-04
9.600e+03,1.11765e+05,1.05886e+05,1.040e-03,3.078e-08,1.077e-03,2.343e-04,0.000e+00,0.000e+00,9.116e-10,7.448e-10,3.448e-01,3.286e-04
1.020e+04,1.11767e+05,1.05887e+05,1.111e-03,0.000e+00,1.138e-03,2.397e-04,0.000e+00,0.000e+00,1.355e-09,1.073e-09,4.258e-01,3.408e-04
1.080e+04,1.11768e+05,1.05888e+05,1.193e-03,0.000e+00,1.190e-03,2.455e-04,0.000e+00,0.000e+00,1.969e-09,1.503e-09,5.067e-01,3.535e-04
1.140e+04,1.11766e+05,1.05887e+05,1.274e-03,0.000e+00,1.230e-03,2.508e-04,0.000e+00,0.000e+00,2.725e-09,2.000e-09,5.877e-01,3.654e-04
1.200e+04,1.11765e+05,1.05886e+05,1.361e-03,5.977e-08,1.259e-03,2.566e-04,0.000e+00,0.000e+00,3.705e-09,2.597e-09,6.686e-01,3.788e-04
1.260e+04,1.11768e+05,1.05888e+05,1.436e-03,7.616e-09,1.283e-03,2.615e-04,0.000e+00,0.000e+00,4.688e-09,3.149e-09,7.496e-01,3.925e-04
1.320e+04,1.11765e+05,1.05886e+05,1.508e-03,0.000e+00,1.318e-03,2.665e-04,0.000e+00,0.000e+00,5.608e-09,3.634e-09,8.306e-01,4.079e-04
1.380e+04,1.11766e+05,1.05886e+05,1.566e-03,0.000e+00,1.383e-03,2.702e-04,0.000e+00,0.000e+00,6.269e-09,3.966e-09,9.115e-01,4.267e-04
1.440e+04,1.11766e+05,1.05887e+05,1.638e-03,3.624e-08,1.429e-03,2.747e-04,0.000e+00,0.000e+00,7.047e-09,4.344e-09,9.925e-01,4.645e-04
1.500e+04,1.11764e+05,1.05885e+05,1.663e-03,0.000e+00,1.439e-03,2.759e-04,0.000e+00,0.000e+00,7.369e-09,4.494e-09,1.073e+00,4.965e-04
1.560e+04,1.11764e+05,1.05885e+05,1.665e-03,5.464e-08,1.444e-03,2.755e-04,1.913e-06,0.000e+00,7.852e-05,6.653e-08,1.154e+00,5.202e-04
1.620e+04,1.11765e+05,1.05886e+05,1.665e-03,6.132e-08,1.446e-03,2.750e-04,1.293e-05,2.049e-06,2.229e-04,2.116e-07,1.235e+00,5.471e-04
1.680e+04,1.11765e+05,1.05885e+05,1.665e-03,6.893e-08,1.448e-03,2.748e-04,3.139e-05,7.522e-06,3.565e-04,3.620e-07,1.316e+00,5.747e-04
1.740e+04,1.11766e+05,1.05886e+05,1.665e-03,5.463e-08,1.450e-03,2.743e-04,6.267e-05,6.861e-06,4.834e-04,4.969e-07,1.397e+00,6.086e-04
1.800e+04,1.11765e+05,1.05885e+05,1.665e-03,4.763e-08,1.453e-03,2.735e-04,9.685e-05,1.088e-05,6.017e-04,5.954e-07,1.478e+00,6.465e-04
1.860e+04,1.11769e+05,1.05886e+05,1.664e-03,3.584e-08,1.456e-03,2.723e-04,1.071e-04,2.159e-05,7.377e-04,7.023e-07,1.559e+00,6.798e-04
1.920e+04,1.11760e+05,1.05884e+05,1.639e-03,3.051e-08,1.470e-03,2.702e-04,7.881e-05,4.440e-05,8.198e-04,9.718e-07,1.603e+00,6.806e-04
1.980e+04,1.11762e+05,1.05884e+05,1.632e-03,1.694e-07,1.475e-03,2.698e-04,6.685e-05,4.711e-05,8.213e-04,1.132e-06,1.610e+00,6.746e-04
2.040e+04,1.11762e+05,1.05884e+05,1.628e-03,6.711e-08,1.477e-03,2.696e-04,6.365e-05,4.463e-05,8.201e-04,1.274e-06,1.617e+00,6.715e-04
2.100e+04,1.11762e+05,1.05884e+05,1.624e-03,1.051e-07,1.479e-03,2.694e-04,6.077e-05,4.323e-05,8.179e-04,1.412e-06,1.623e+00,6.694e-04
2.160e+04,1.11762e+05,1.05884e+05,1.620e-03,5.229e-08,1.481e-03,2.692e-04,5.757e-05,4.158e-05,8.165e-04,1.554e-06,1.630e+00,6.672e-04
2.220e+04,1.11762e+05,1.05884e+05,1.616e-03,2.228e-08,1.484e-03,2.690e-04,5.541e-05,3.903e-05,8.150e-04,1.697e-06,1.637e+00,6.648e-04
2.280e+04,1.11762e+05,1.05884e+05,1.611e-03,2.333e-07,1.486e-03,2.687e-04,5.276e-05,3.781e-05,8.127e-04,1.832e-06,1.644e+00,6.625e-04
2.340e+04,1.11762e+05,1.05884e+05,1.607e-03,5.959e-08,1.489e-03,2.685e-04,5.052e-05,3.648e-05,8.103e-04,1.970e-06,1.650e+00,6.602e-04
2.400e+04,1.11762e+05,1.05884e+05,1.602e-03,9.841e-08,1.491e-03,2.683e-04,4.576e-05,3.787e-05,8.078e-04,2.111e-06,1.657e+00,6.579e-04
2.460e+04,1.11762e+05,1.05884e+05,1.597e-03,1.227e-07,1.494e-03,2.680e-04,4.347e-05,3.641e-05,8.058e-04,2.256e-06,1.664e+00,6.555e-04
2.520e+04,1.11762e+05,1.05884e+05,1.592e-03,6.184e-08,1.496e-03,2.677e-04,4.111e-05,3.478e-05,8.041e-04,2.400e-06,1.671e+00,6.531e-04
2.580e+04,1.11762e+05,1.05884e+05,1.587e-03,1.160e-07,1.499e-03,2.674e-04,3.862e-05,3.305e-05,8.028e-04,2.545e-06,1.677e+00,6.508e-04
2.640e+04,1.11762e+05,1.05884e+05,1.582e-03,9.395e-08,1.502e-03,2.672e-04,3.353e-05,3.363e-05,8.020e-04,2.690e-06,1.684e+00,6.484e-04
2.700e+04,1.11763e+05,1.05884e+05,1.577e-03,5.975e-08,1.505e-03,2.669e-04,3.128e-05,3.163e-05,8.009e-04,2.825e-06,1.691e+00,6.463e-04
2.760e+04,1.11763e+05,1.05884e+05,1.574e-03,3.650e-08,1.507e-03,2.667e-04,2.326e-05,3.638e-05,7.993e-04,2.939e-06,1.698e+00,6.451e-04
2.820e+04,1.11763e+05,1.05884e+05,1.570e-03,1.459e-07,1.509e-03,2.665e-04,1.771e-05,3.929e-05,7.970e-04,3.054e-06,1.704e+00,6.438e-04
2.880e+04,1.11763e+05,1.05884e+05,1.567e-03,1.427e-07,1.511e-03,2.664e-04,1.354e-05,4.075e-05,7.950e-04,3.164e-06,1.711e+00,6.427e-04
2.940e+04,1.11763e+05,1.05884e+05,1.563e-03,7.516e-08,1.513e-03,2.662e-04,1.060e-05,4.068e-05,7.933e-04,3.274e-06,1.718e+00,6.414e-04
3.000e+04,1.11763e+05,1.05884e+05,1.560e-03,9.128e-08,1.516e-03,2.660e-04,6.671e-06,4.146e-05,7.919e-04,3.381e-06,1.725e+00,6.400e-04
3.060e+04,1.11763e+05,1.05884e+05,1.556e-03,2.050e-07,1.518e-03,2.658e-04,3.978e-06,4.107e-05,7.906e-04,3.485e-06,1.731e+00,6.385e-04
3.120e+04,1.11763e+05,1.05884e+05,1.552e-03,2.540e-07,1.521e-03,2.656e-04,2.546e-06,3.936e-05,7.893e-04,3.586e-06,1.738e+00,6.370e-04
3.180e+04,1.11763e+05,1.05884e+05,1.547e-03,3.224e-07,1.523e-03,2.654e-04,0.000e+00,3.879e-05,7.881e-04,3.682e-06,1.745e+00,6.355e-04
3.240e+04,1.11763e+05,1.05884e+05,1.543e-03,3.490e-07,1.526e-03,2.651e-04,0.000e+00,3.575e-05,7.869e-04,3.775e-06,1.752e+00,6.339e-04
3.300e+04,1.11763e+05,1.05884e+05,1.539e-03,4.600e-07,1.529e-03,2.649e-04,0.000e+00,3.350e-05,7.849e-04,3.865e-06,1.758e+00,6.324e-04
3.360e+04,1.11763e+05,1.05884e+05,1.535e-03,5.051e-07,1.532e-03,2.647e-04,0.000e+00,3.156e-05,7.828e-04,3.952e-06,1.765e+00,6.310e-04
3.420e+04,1.11763e+05,1.05884e+05,1.531e-03,4.503e-07,1.534e-03,2.645e-04,0.000e+00,2.981e-05,7.806e-04,4.036e-06,1.772e+00,6.297e-04
3.480e+04,1.11763e+05,1.05884e+05,1.527e-03,6.676e-07,1.537e-03,2.643e-04,0.000e+00,2.824e-05,7.783e-04,4.117e-06,1.779e+00,6.284e-04
3.540e+04,1.11763e+05,1.05884e+05,1.524e-03,8.161e-07,1.539e-03,2.641e-04,0.000e+00,2.658e-05,7.762e-04,4.197e-06,1.786e+00,6.270e-04
3.600e+04,1.11763e+05,1.05884e+05,1.520e-03,6.817e-07,1.541e-03,2.639e-04,0.000e+00,2.493e-05,7.741e-04,4.275e-06,1.792e+00,6.256e-04
3.660e+04,1.11763e+05,1.05884e+05,1.517e-03,7.961e-07,1.543e-03,2.638e-04,0.000e+00,2.351e-05,7.720e-04,4.347e-06,1.799e+00,6.244e-04
3.720e+04,1.11763e+05,1.05884e+05,1.513e-03,7.076e-07,1.545e-03,2.636e-04,0.000e+00,2.221e-05,7.699e-04,4.418e-06,1.806e+00,6.231e-04
3.780e+04,1.11763e+05,1.05884e+05,1.509e-03,6.438e-07,1.547e-03,2.634e-04,0.000e+00,2.088e-05,7.678e-04,4.487e-06,1.813e+00,6.217e-04
3.840e+04,1.11763e+05,1.05884e+05,1.506e-03,6.501e-07,1.549e-03,2.632e-04,0.000e+00,1.947e-05,7.659e-04,4.554e-06,1.819e+00,6.203e-04
3.900e+04,1.11763e+05,1.05884e+05,1.502e-03,5.367e-07,1.551e-03,2.630e-04,0.000e+00,1.810e-05,7.641e-04,4.618e-06,1.826e+00,6.189e-04
3.960e+04,1.11763e+05,1.05884e+05,1.499e-03,4.694e-07,1.553e-03,2.628e-04,0.000e+00,1.688e-05,7.621e-04,4.681e-06,1.833e+00,6.175e-04
4.020e+04,1.11763e+05,1.05884e+05,1.495e-03,4.149e-07,1.555e-03,2.625e-04,0.000e+00,1.568e-05,7.602e-04,4.743e-06,1.840e+00,6.161e-04
4.080e+04,1.11763e+05,1.05884e+05,1.491e-03,3.759e-07,1.557e-03,2.623e-04,0.000e+00,1.452e-05,7.582e-04,4.804e-06,1.846e+00,6.146e-04
4.140e+04,1.11763e+05,1.05884e+05,1.488e-03,2.784e-07,1.559e-03,2.622e-04,0.000e+00,1.379e-05,7.561e-04,4.855e-06,1.853e+00,6.136e-04
4.200e+04,1.11763e+05,1.05884e+05,1.486e-03,2.325e-07,1.561e-03,2.620e-04,0.000e+00,1.327e-05,7.537e-04,4.906e-06,1.860e+00,6.126e-04
4.260e+04,1.11763e+05,1.05884e+05,1.483e-03,2.332e-07,1.563e-03,2.619e-04,0.000e+00,1.283e-05,7.513e-04,4.956e-06,1.867e+00,6.114e-04
4.320e+04,1.11763e+05,1.05884e+05,1.479e-03,2.095e-07,1.565e-03,2.617e-04,0.000e+00,1.245e-05,7.488e-04,5.006e-06,1.873e+00,6.101e-04
4.380e+04,1.11763e+05,1.05884e+05,1.476e-03,1.580e-07,1.567e-03,2.615e-04,0.000e+00,1.216e-05,7.463e-04,5.054e-06,1.880e+00,6.089e-04
4.440e+04,1.11763e+05,1.05884e+05,1.473e-03,1.175e-07,1.569e-03,2.614e-04,0.000e+00,1.188e-05,7.438e-04,5.100e-06,1.887e+00,6.077e-04
4.500e+04,1.11763e+05,1.05884e+05,1.469e-03,1.403e-07,1.572e-03,2.612e-04,0.000e+00,1.154e-05,7.414e-04,5.144e-06,1.894e+00,6.064e-04
4.560e+04,1.11763e+05,1.05884e+05,1.466e-03,3.450e-08,1.574e-03,2.609e-04,0.000e+00,1.124e-05,7.390e-04,5.188e-06,1.900e+00,6.051e-04
4.620e+04,1.11763e+05,1.05884e+05,1.462e-03,3.068e-08,1.577e-03,2.607e-04,0.000e+00,1.092e-05,7.366e-04,5.229e-06,1.907e+00,6.038e-04
4.680e+04,1.11763e+05,1.05884e+05,1.458e-03,7.730e-08,1.579e-03,2.605e-04,0.000e+00,1.054e-05,7.343e-04,5.270e-06,1.914e+00,6.024e-04
4.740e+04,1.11763e+05,1.05884e+05,1.454e-03,1.332e-08,1.582e-03,2.602e-04,0.000e+00,1.010e-05,7.321e-04,5.309e-06,1.921e+00,6.008e-04
4.800e+04,1.11763e+05,1.05884e+05,1.450e-03,0.000e+00,1.585e-03,2.599e-04,0.000e+00,9.640e-06,7.298e-04,5.347e-06,1.927e+00,5.993e-04
4.860e+04,1.11763e+05,1.05884e+05,1.446e-03,1.271e-09,1.588e-03,2.597e-04,0.000e+00,9.324e-06,7.276e-04,5.383e-06,1.934e+00,5.978e-04
4.920e+04,1.11763e+05,1.05884e+05,1.442e-03,1.217e-07,1.591e-03,2.594e-04,0.000e+00,9.047e-06,7.253e-04,5.416e-06,1.941e+00,5.964e-04
4.980e+04,1.11763e+05,1.05884e+05,1.438e-03,7.563e-08,1.593e-03,2.592e-04,0.000e+00,8.743e-06,7.231e-04,5.447e-06,1.948e+00,5.950e-04
5.040e+04,1.11763e+05,1.05884e+05,1.435e-03,6.920e-08,1.596e-03,2.590e-04,0.000e+00,8.492e-06,7.208e-04,5.478e-06,1.954e+00,5.935e-04
5.100e+04,1.11763e+05,1.05884e+05,1.431e-03,1.295e-07,1.599e-03,2.587e-04,0.000e+00,8.229e-06,7.186e-04,5.508e-06,1.961e+00,5.920e-04
5.160e+04,1.11763e+05,1.05884e+05,1.426e-03,9.808e-08,1.602e-03,2.584e-04,0.000e+00,7.938e-06,7.164e-04,5.536e-06,1.968e+00,5.904e-04
5.220e+04,1.11763e+05,1.05884e+05,1.422e-03,1.226e-07,1.605e-03,2.581e-04,0.000e+00,7.617e-06,7.142e-04,5.563e-06,1.975e+00,5.887e-04
5.280e+04,1.11763e+05,1.05884e+05,1.418e-03,3.366e-08,1.608e-03,2.578e-04,0.000e+00,7.262e-06,7.121e-04,5.589e-06,1.981e+00,5.871e-04
5.340e+04,1.11763e+05,1.05884e+05,1.413e-03,1.609e-08,1.612e-03,2.575e-04,0.000e+00,6.874e-06,7.101e-04,5.614e-06,1.988e+00,5.853e-04
5.400e+04,1.11763e+05,1.05884e+05,1.410e-03,8.132e-08,1.615e-03,2.572e-04,0.000e+00,6.518e-06,7.082e-04,5.635e-06,1.995e+00,5.841e-04
5.460e+04,1.11763e+05,1.05884e+05,1.407e-03,1.535e-08,1.617e-03,2.570e-04,0.000e+00,6.141e-06,7.064e-04,5.655e-06,2.002e+00,5.829e-04
5.520e+04,1.11763e+05,1.05884e+05,1.404e-03,1.300e-08,1.620e-03,2.568e-04,0.000e+00,5.820e-06,7.045e-04,5.674e-06,2.009e+00,5.816e-04
5.580e+04,1.11763e+05,1.05884e+05,1.401e-03,7.629e-09,1.623e-03,2.566e-04,0.000e+00,5.586e-06,7.026e-04,5.692e-06,2.015e+00,5.803e-04
5.640e+04,1.11763e+05,1.05884e+05,1.397e-03,2.154e-07,1.626e-03,2.564e-04,0.000e+00,5.332e-06,7.007e-04,5.710e-06,2.022e+00,5.790e-04
5.700e+04,1.11763e+05,1.05884e+05,1.393e-03,1.341e-07,1.630e-03,2.561e-04,0.000e+00,5.055e-06,6.988e-04,5.727e-06,2.029e+00,5.775e-04
5.760e+04,1.11763e+05,1.05884e+05,1.390e-03,1.298e-07,1.633e-03,2.559e-04,0.000e+00,4.757e-06,6.969e-04,5.743e-06,2.036e+00,5.760e-04
5.820e+04,1.11763e+05,1.05884e+05,1.385e-03,1.121e-07,1.637e-03,2.556e-04,0.000e+00,4.434e-06,6.951e-04,5.759e-06,2.042e+00,5.744e-04
5.880e+04,1.11763e+05,1.05884e+05,1.381e-03,2.029e-07,1.642e-03,2.552e-04,0.000e+00,4.076e-06,6.932e-04,5.775e-06,2.049e+00,5.727e-04
5.940e+04,1.11763e+05,1.05884e+05,1.376e-03,1.198e-07,1.647e-03,2.549e-04,0.000e+00,3.762e-06,6.913e-04,5.791e-06,2.056e+00,5.709e-04
6.000e+04,1.11763e+05,1.05884e+05,1.370e-03,8.010e-08,1.652e-03,2.545e-04,0.000e+00,3.446e-06,6.894e-04,5.806e-06,2.063e+00,5.690e-04
6.060e+04,1.11763e+05,1.05884e+05,1.364e-03,4.750e-08,1.657e-03,2.540e-04,0.000e+00,3.096e-06,6.875e-04,5.820e-06,2.069e+00,5.669e-04
6.120e+04,1.11763e+05,1.05884e+05,1.358e-03,1.564e-07,1.663e-03,2.536e-04,0.000e+00,2.702e-06,6.856e-04,5.835e-06,2.076e+00,5.647e-04
6.180e+04,1.11763e+05,1.05884e+05,1.352e-03,2.657e-07,1.669e-03,2.531e-04,0.000e+00,2.302e-06,6.838e-04,5.848e-06,2.083e+00,5.626e-04
6.240e+04,1.11763e+05,1.05884e+05,1.345e-03,1.991e-07,1.675e-03,2.526e-04,0.000e+00,1.966e-06,6.819e-04,5.862e-06,2.090e+00,5.604e-04
6.300e+04,1.11763e+05,1.05884e+05,1.339e-03,1.763e-07,1.682e-03,2.520e-04,0.000e+00,1.619e-06,6.800e-04,5.875e-06,2.096e+00,5.581e-04
6.360e+04,1.11763e+05,1.05884e+05,1.332e-03,1.296e-07,1.689e-03,2.515e-04,0.000e+00,1.336e-06,6.780e-04,5.887e-06,2.103e+00,5.558e-04
6.420e+04,1.11763e+05,1.05884e+05,1.325e-03,9.659e-08,1.695e-03,2.510e-04,0.000e+00,1.093e-06,6.761e-04,5.899e-06,2.110e+00,5.537e-04
6.480e+04,1.11763e+05,1.05884e+05,1.319e-03,1.170e-07,1.702e-03,2.505e-04,0.000e+00,9.161e-07,6.742e-04,5.909e-06,2.117e+00,5.518e-04
6.540e+04,1.11763e+05,1.05884e+05,1.313e-03,5.174e-08,1.708e-03,2.500e-04,0.000e+00,7.507e-07,6.723e-04,5.920e-06,2.123e+00,5.499e-04
6.600e+04,1.11763e+05,1.05884e+05,1.307e-03,4.587e-08,1.714e-03,2.496e-04,0.000e+00,5.827e-07,6.704e-04,5.930e-06,2.130e+00,5.481e-04
6.660e+04,1.11763e+05,1.05884e+05,1.301e-03,4.568e-08,1.721e-03,2.491e-04,0.000e+00,4.539e-07,6.685e-04,5.939e-06,2.137e+00,5.464e-04
6.720e+04,1.11763e+05,1.05884e+05,1.295e-03,8.482e-08,1.728e-03,2.486e-04,0.000e+00,3.626e-07,6.666e-04,5.949e-06,2.144e+00,5.446e-04
6.780e+04,1.11763e+05,1.05884e+05,1.289e-03,4.497e-08,1.735e-03,2.481e-04,0.000e+00,2.873e-07,6.646e-04,5.958e-06,2.150e+00,5.428e-04
6.840e+04,1.11763e+05,1.05884e+05,1.283e-03,4.172e-08,1.742e-03,2.476e-04,0.000e+00,2.085e-07,6.627e-04,5.967e-06,2.157e+00,5.412e-04
6.900e+04,1.11763e+05,1.05884e+05,1.276e-03,3.479e-08,1.749e-03,2.470e-04,0.000e+00,1.223e-07,6.608e-04,5.975e-06,2.164e+00,5.394e-04
6.960e+04,1.11763e+05,1.05884e+05,1.269e-03,2.284e-08,1.757e-03,2.464e-04,0.000e+00,4.001e-08,6.589e-04,5.984e-06,2.171e+00,5.377e-04
7.020e+04,1.11763e+05,1.05884e+05,1.262e-03,3.989e-08,1.765e-03,2.458e-04,0.000e+00,0.000e+00,6.569e-04,5.992e-06,2.177e+00,5.360e-04
7.080e+04,1.11763e+05,1.05884e+05,1.256e-03,0.000e+00,1.773e-03,2.452e-04,0.000e+00,0.000e+00,6.549e-04,6.000e-06,2.184e+00,5.343e-04
7.140e+04,1.11763e+05,1.05884e+05,1.249e-03,2.108e-09,1.781e-03,2.446e-04,0.000e+00,0.000e+00,6.529e-04,6.008e-06,2.191e+00,5.327e-04
7.200e+04,1.11763e+05,1.05884e+05,1.242e-03,0.000e+00,1.788e-03,2.441e-04,0.000e+00,0.000e+00,6.510e-04,6.015e-06,2.198e+00,5.313e-04
7.260e+04,1.11763e+05,1.05884e+05,1.236e-03,1.418e-07,1.796e-03,2.435e-04,0.000e+00,0.000e+00,6.491e-04,6.022e-06,2.204e+00,5.299e-04
7.320e+04,1.11763e+05,1.05884e+05,1.228e-03,2.220e-07,1.804e-03,2.429e-04,0.000e+00,0.000e+00,6.472e-04,6.029e-06,2.211e+00,5.283e-04
7.380e+04,1.11763e+05,1.05884e+05,1.221e-03,2.758e-07,1.812e-03,2.422e-04,0.000e+00,0.000e+00,6.453e-04,6.035e-06,2.218e+00,5.269e-04
7.440e+04,1.11763e+05,1.05884e+05,1.214e-03,1.870e-07,1.821e-03,2.416e-04,0.000e+00,0.000e+00,6.434e-04,6.042e-06,2.225e+00,5.255e-04
7.500e+04,1.11763e+05,1.05884e+05,1.207e-03,1.454e-07,1.829e-03,2.409e-04,0.000e+00,0.000e+00,6.415e-04,6.048e-06,2.232e+00,5.242e-04
7.560e+04,1.11763e+05,1.05884e+05,1.200e-03,1.755e-07,1.837e-03,2.403e-04,0.000e+00,0.000e+00,6.396e-04,6.053e-06,2.238e+00,5.228e-04
7.620e+04,1.11763e+05,1.05884e+05,1.194e-03,7.712e-08,1.844e-03,2.397e-04,0.000e+00,0.000e+00,6.379e-04,6.058e-06,2.245e+00,5.217e-04
7.680e+04,1.11763e+05,1.05884e+05,1.187e-03,6.753e-08,1.852e-03,2.391e-04,0.000e+00,0.000e+00,6.361e-04,6.063e-06,2.252e+00,5.205e-04
7.740e+04,1.11763e+05,1.05884e+05,1.181e-03,9.150e-08,1.859e-03,2.385e-04,0.000e+00,0.000e+00,6.343e-04,6.068e-06,2.259e+00,5.193e-04
7.800e+04,1.11763e+05,1.05884e+05,1.175e-03,5.998e-08,1.867e-03,2.380e-04,0.000e+00,0.000e+00,6.325e-04,6.072e-06,2.265e+00,5.182e-04
7.860e+04,1.11763e+05,1.05884e+05,1.168e-03,1.439e-07,1.874e-03,2.374e-04,0.000e+00,0.000e+00,6.308e-04,6.075e-06,2.272e+00,5.170e-04
7.920e+04,1.11763e+05,1.05884e+05,1.161e-03,7.034e-08,1.882e-03,2.367e-04,0.000e+00,0.000e+00,6.290e-04,6.079e-06,2.279e+00,5.157e-04
7.980e+04,1.11763e+05,1.05884e+05,1.154e-03,1.023e-07,1.891e-03,2.360e-04,0.000e+00,0.000e+00,6.272e-04,6.082e-06,2.286e+00,5.144e-04
8.040e+04,1.11763e+05,1.05884e+05,1.147e-03,1.389e-07,1.900e-03,2.353e-04,0.000e+00,0.000e+00,6.254e-04,6.085e-06,2.292e+00,5.129e-04
8.100e+04,1.11763e+05,1.05884e+05,1.139e-03,2.825e-07,1.909e-03,2.346e-04,0.000e+00,0.000e+00,6.235e-04,6.087e-06,2.299e+00,5.115e-04
8.160e+04,1.11763e+05,1.05884e+05,1.131e-03,1.138e-07,1.918e-03,2.339e-04,0.000e+00,0.000e+00,6.217e-04,6.089e-06,2.306e+00,5.100e-04
8.220e+04,1.11763e+05,1.05884e+05,1.123e-03,1.808e-07,1.927e-03,2.331e-04,0.000e+00,0.000e+00,6.199e-04,6.091e-06,2.313e+00,5.085e-04
8.280e+04,1.11763e+05,1.05884e+05,1.117e-03,1.299e-07,1.935e-03,2.324e-04,0.000e+00,0.000e+00,6.182e-04,6.092e-06,2.319e+00,5.072e-04
8.340e+04,1.11763e+05,1.05884e+05,1.111e-03,1.471e-07,1.942e-03,2.318e-04,0.000e+00,0.000e+00,6.165e-04,6.093e-06,2.326e+00,5.060e-04
8.400e+04,1.11763e+05,1.05884e+05,1.104e-03,7.077e-08,1.949e-03,2.312e-04,0.000e+00,0.000e+00,6.148e-04,6.093e-06,2.333e+00,5.048e-04
8.460e+04,1.11763e+05,1.05884e+05,1.098e-03,1.432e-07,1.957e-03,2.305e-04,0.000e+00,0.000e+00,6.131e-04,6.093e-06,2.340e+00,5.035e-04
8.520e+04,1.11763e+05,1.05884e+05,1.091e-03,1.917e-07,1.964e-03,2.299e-04,0.000e+00,0.000e+00,6.114e-04,6.093e-06,2.346e+00,5.023e-04
8.580e+04,1.11763e+05,1.05884e+05,1.085e-03,9.105e-08,1.972e-03,2.292e-04,0.000e+00,0.000e+00,6.097e-04,6.092e-06,2.353e+00,5.010e-04
8.640e+04,1.11763e+05,1.05884e+05,1.078e-03,1.803e-07,1.980e-03,2.285e-04,0.000e+00,0.000e+00,6.081e-04,6.091e-06,2.360e+00,4.996e-04
8.700e+04,1.11763e+05,1.05884e+05,1.072e-03,9.352e-08,1.987e-03,2.278e-04,0.000e+00,0.000e+00,6.064e-04,6.089e-06,2.367e+00,4.985e-04
8.760e+04,1.11763e+05,1.05884e+05,1.066e-03,1.214e-07,1.994e-03,2.272e-04,0.000e+00,0.000e+00,6.048e-04,6.088e-06,2.368e+00,4.973e-04
8.820e+04,1.11763e+05,1.05884e+05,1.060e-03,2.744e-07,2.001e-03,2.265e-04,0.000e+00,0.000e+00,6.032e-04,6.085e-06,2.370e+00,4.961e-04
8.880e+04,1.11763e+05,1.05884e+05,1.054e-03,8.924e-08,2.009e-03,2.259e-04,0.000e+00,0.000e+00,6.016e-04,6.083e-06,2.372e+00,4.950e-04
8.940e+04,1.11763e+05,1.05884e+05,1.048e-03,2.798e-07,2.016e-03,2.252e-04,0.000e+00,0.000e+00,6.000e-04,6.080e-06,2.373e+00,4.938e-04
9.000e+04,1.11763e+05,1.05884e+05,1.042e-03,3.738e-07,2.023e-03,2.245e-04,0.000e+00,0.000e+00,5.985e-04,6.077e-06,2.375e+00,4.928e-04
9.060e+04,1.11763e+05,1.05884e+05,1.037e-03,1.969e-07,2.029e-03,2.239e-04,0.000e+00,0.000e+00,5.970e-04,6.073e-06,2.377e+00,4.917e-04
9.120e+04,1.11763e+05,1.05884e+05,1.032e-03,2.577e-07,2.036e-03,2.233e-04,0.000e+00,0.000e+00,5.955e-04,6.070e-06,2.378e+00,4.908e-04
9.180e+04,1.11763e+05,1.05884e+05,1.027e-03,2.312e-07,2.042e-03,2.227e-04,0.000e+00,0.000e+00,5.940e-04,6.066e-06,2.380e+00,4.898e-04
9.240e+04,1.11763e+05,1.05884e+05,1.022e-03,1.225e-07,2.048e-03,2.221e-04,0.000e+00,0.000e+00,5.925e-04,6.062e-06,2.382e+00,4.889e-04
9.300e+04,1.11763e+05,1.05884e+05,1.018e-03,0.000e+00,2.053e-03,2.216e-04,0.000e+00,0.000e+00,5.911e-04,6.057e-06,2.383e+00,4.881e-04
9.360e+04,1.11763e+05,1.05884e+05,1.014e-03,2.842e-08,2.058e-03,2.210e-04,0.000e+00,0.000e+00,5.897e-04,6.053e-06,2.385e+00,4.873e-04
9.420e+04,1.11763e+05,1.05884e+05,1.011e-03,0.000e+00,2.062e-03,2.206e-04,0.000e+00,0.000e+00,5.884e-04,6.048e-06,2.386e+00,4.866e-04
9.480e+04,1.11763e+05,1.05884e+05,1.008e-03,0.000e+00,2.067e-03,2.201e-04,0.000e+00,0.000e+00,5.871e-04,6.043e-06,2.388e+00,4.860e-04
9.540e+04,1.11763e+05,1.05884e+05,1.004e-03,0.000e+00,2.071e-03,2.196e-04,0.000e+00,0.000e+00,5.857e-04,6.038e-06,2.390e+00,4.853e-04
9.600e+04,1.11763e+05,1.05884e+05,1.001e-03,0.000e+00,2.076e-03,2.191e-04,0.000e+00,0.000e+00,5.844e-04,6.033e-06,2.391e+00,4.845e-04
9.660e+04,1.11763e+05,1.05884e+05,9.966e-04,1.328e-07,2.080e-03,2.185e-04,0.000e+00,0.000e+00,5.830e-04,6.027e-06,2.393e+00,4.837e-04
9.720e+04,1.11763e+05,1.05884e+05,9.923e-04,1.312e-07,2.085e-03,2.179e-04,0.000e+00,0.000e+00,5.817e-04,6.021e-06,2.395e+00,4.829e-04
9.780e+04,1.11763e+05,1.05884e+05,9.875e-04,2.072e-07,2.091e-03,2.172e-04,0.000e+00,0.000e+00,5.803e-04,6.015e-06,2.396e+00,4.820e-04
9.840e+04,1.11763e+05,1.05884e+05,9.826e-04,1.807e-07,2.097e-03,2.166e-04,0.000e+00,0.000e+00,5.789e-04,6.009e-06,2.398e+00,4.811e-04
9.900e+04,1.11763e+05,1.05884e+05,9.772e-04,2.199e-07,2.103e-03,2.158e-04,0.000e+00,0.000e+00,5.775e-04,6.002e-06,2.400e+00,4.801e-04
9.960e+04,1.11763e+05,1.05884e+05,9.714e-04,1.594e-07,2.109e-03,2.150e-04,0.000e+00,0.000e+00,5.761e-04,5.994e-06,2.401e+00,4.791e-04
1.002e+05,1.11763e+05,1.05884e+05,9.656e-04,1.801e-07,2.116e-03,2.142e-04,0.000e+00,0.000e+00,5.747e-04,5.987e-06,2.403e+00,4.780e-04
1.008e+05,1.11763e+05,1.05884e+05,9.607e-04,7.602e-08,2.122e-03,2.135e-04,0.000e+00,0.000e+00,5.734e-04,5.980e-06,2.405e+00,4.772e-04
1.014e+05,1.11763e+05,1.05884e+05,9.557e-04,5.462e-08,2.129e-03,2.128e-04,0.000e+00,0.000e+00,5.721e-04,5.972e-06,2.406e+00,4.763e-04
1.020e+05,1.11763e+05,1.05884e+05,9.507e-04,4.162e-08,2.135e-03,2.120e-04,0.000e+00,0.000e+00,5.707e-04,5.965e-06,2.408e+00,4.754e-04
1.026e+05,1.11763e+05,1.05884e+05,9.463e-04,6.505e-09,2.140e-03,2.114e-04,0.000e+00,0.000e+00,5.695e-04,5.957e-06,2.410e+00,4.746e-04
1.032e+05,1.11763e+05,1.05884e+05,9.415e-04,0.000e+00,2.146e-03,2.106e-04,0.000e+00,0.000e+00,5.682e-04,5.949e-06,2.411e+00,4.738e-04
1.038e+05,1.11763e+05,1.05884e+05,9.363e-04,5.522e-08,2.152e-03,2.099e-04,0.000e+00,0.000e+00,5.669e-04,5.941e-06,2.413e+00,4.729e-04
1.044e+05,1.11763e+05,1.05884e+05,9.319e-04,0.000e+00,2.157e-03,2.092e-04,0.000e+00,0.000e+00,5.656e-04,5.933e-06,2.415e+00,4.722e-04
1.050e+05,1.11763e+05,1.05884e+05,9.271e-04,0.000e+00,2.163e-03,2.085e-04,0.000e+00,0.000e+00,5.644e-04,5.924e-06,2.416e+00,4.713e-04
1.056e+05,1.11763e+05,1.05884e+05,9.219e-04,0.000e+00,2.168e-03,2.077e-04,0.000e+00,0.000e+00,5.631e-04,5.916e-06,2.418e+00,4.705e-04
1.062e+05,1.11763e+05,1.05884e+05,9.164e-04,2.439e-08,2.174e-03,2.069e-04,0.000e+00,0.000e+00,5.618e-04,5.907e-06,2.420e+00,4.696e-04
1.068e+05,1.11763e+05,1.05884e+05,9.117e-04,2.107e-08,2.180e-03,2.061e-04,0.000e+00,0.000e+00,5.606e-04,5.898e-06,2.421e+00,4.688e-04
1.074e+05,1.11763e+05,1.05884e+05,9.068e-04,7.791e-08,2.185e-03,2.054e-04,0.000e+00,0.000e+00,5.594e-04,5.889e-06,2.423e+00,4.680e-04
1.080e+05,1.11763e+05,1.05884e+05,9.015e-04,1.038e-07,2.191e-03,2.046e-04,0.000e+00,0.000e+00,5.581e-04,5.880e-06,2.424e+00,4.672e-04
1.086e+05,1.11763e+05,1.05884e+05,8.961e-04,4.148e-08,2.197e-03,2.038e-04,0.000e+00,0.000e+00,5.569e-04,5.870e-06,2.426e+00,4.663e-04
1.092e+05,1.11763e+05,1.05884e+05,8.902e-04,8.431e-08,2.204e-03,2.029e-04,0.000e+00,0.000e+00,5.557e-04,5.860e-06,2.428e+00,4.654e-04
1.098e+05,1.11763e+05,1.05884e+05,8.839e-04,6.395e-08,2.211e-03,2.020e-04,0.000e+00,0.000e+00,5.544e-04,5.850e-06,2.429e+00,4.645e-04
1.104e+05,1.11763e+05,1.05884e+05,8.773e-04,3.508e-08,2.218e-03,2.011e-04,0.000e+00,0.000e+00,5.532e-04,5.840e-06,2.431e+00,4.635e-04
1.110e+05,1.11763e+05,1.05884e+05,8.703e-04,0.000e+00,2.226e-03,2.001e-04,0.000e+00,0.000e+00,5.519e-04,5.829e-06,2.433e+00,4.625e-04
1.116e+05,1.11763e+05,1.05884e+05,8.629e-04,0.000e+00,2.234e-03,1.991e-04,0.000e+00,0.000e+00,5.506e-04,5.818e-06,2.434e+00,4.615e-04
1.122e+05,1.11763e+05,1.05884e+05,8.557e-04,8.156e-08,2.242e-03,1.981e-04,0.000e+00,0.000e+00,5.494e-04,5.808e-06,2.436e+00,4.605e-04
1.128e+05,1.11763e+05,1.05884e+05,8.487e-04,1.040e-07,2.250e-03,1.972e-04,0.000e+00,0.000e+00,5.482e-04,5.797e-06,2.438e+00,4.596e-04
1.134e+05,1.11763e+05,1.05884e+05,8.417e-04,1.603e-07,2.257e-03,1.962e-04,0.000e+00,0.000e+00,5.470e-04,5.786e-06,2.439e+00,4.587e-04
1.140e+05,1.11763e+05,1.05884e+05,8.349e-04,8.119e-08,2.265e-03,1.953e-04,0.000e+00,0.000e+00,5.458e-04,5.775e-06,2.441e+00,4.579e-04
1.146e+05,1.11763e+05,1.05884e+05,8.282e-04,8.106e-08,2.272e-03,1.944e-04,0.000e+00,0.000e+00,5.446e-04,5.764e-06,2.443e+00,4.570e-04
1.152e+05,1.11763e+05,1.05884e+05,8.216e-04,8.092e-08,2.279e-03,1.935e-04,0.000e+00,0.000e+00,5.435e-04,5.753e-06,2.444e+00,4.562e-04
1.158e+05,1.11763e+05,1.05884e+05,8.149e-04,8.076e-08,2.287e-03,1.925e-04,0.000e+00,0.000e+00,5.423e-04,5.741e-06,2.446e+00,4.555e-04
1.164e+05,1.11763e+05,1.05884e+05,8.083e-04,8.424e-08,2.294e-03,1.916e-04,0.000e+00,0.000e+00,5.412e-04,5.730e-06,2.448e+00,4.547e-04
1.170e+05,1.11763e+05,1.05884e+05,8.023e-04,7.218e-08,2.300e-03,1.908e-04,0.000e+00,0.000e+00,5.401e-04,5.719e-06,2.449e+00,4.540e-04
1.176e+05,1.11763e+05,1.05884e+05,7.962e-04,4.632e-08,2.307e-03,1.899e-04,0.000e+00,0.000e+00,5.390e-04,5.708e-06,2.451e+00,4.533e-04
1.182e+05,1.11763e+05,1.05884e+05,7.900e-04,5.732e-08,2.313e-03,1.891e-04,0.000e+00,0.000e+00,5.379e-04,5.697e-06,2.453e+00,4.527e-04
1.188e+05,1.11763e+05,1.05884e+05,7.836e-04,8.889e-08,2.320e-03,1.882e-04,0.000e+00,0.000e+00,5.368e-04,5.685e-06,2.454e+00,4.520e-04
1.194e+05,1.11763e+05,1.05884e+05,7.772e-04,1.400e-07,2.327e-03,1.873e-04,0.000e+00,0.000e+00,5.357e-04,5.673e-06,2.456e+00,4.514e-04
1.200e+05,1.11763e+05,1.05884e+05,7.707e-04,1.204e-07,2.334e-03,1.864e-04,0.000e+00,0.000e+00,5.346e-04,5.662e-06,2.458e+00,4.507e-04
1.206e+05,1.11763e+05,1.05884e+05,7.638e-04,1.291e-07,2.342e-03,1.855e-04,0.000e+00,0.000e+00,5.335e-04,5.649e-06,2.459e+00,4.500e-04
1.212e+05,1.11763e+05,1.05884e+05,7.570e-04,8.340e-08,2.349e-03,1.846e-04,0.000e+00,0.000e+00,5.325e-04,5.637e-06,2.461e+00,4.493e-04
1.218e+05,1.11763e+05,1.05884e+05,7.496e-04,1.863e-07,2.357e-03,1.836e-04,0.000e+00,0.000e+00,5.314e-04,5.625e-06,2.462e+00,4.486e-04
1.224e+05,1.11763e+05,1.05884e+05,7.424e-04,1.942e-07,2.365e-03,1.826e-04,0.000e+00,0.000e+00,5.303e-04,5.612e-06,2.464e+00,4.479e-04
1.230e+05,1.11763e+05,1.05884e+05,7.352e-04,1.528e-07,2.373e-03,1.817e-04,0.000e+00,0.000e+00,5.292e-04,5.600e-06,2.466e+00,4.473e-04
1.236e+05,1.11763e+05,1.05884e+05,7.274e-04,2.954e-07,2.382e-03,1.807e-04,0.000e+00,0.000e+00,5.281e-04,5.587e-06,2.467e+00,4.466e-04
1.242e+05,1.11763e+05,1.05884e+05,7.202e-04,1.812e-07,2.390e-03,1.798e-04,0.000e+00,0.000e+00,5.271e-04,5.574e-06,2.469e+00,4.461e-04
1.248e+05,1.11763e+05,1.05884e+05,7.127e-04,1.674e-07,2.398e-03,1.788e-04,0.000e+00,0.000e+00,5.260e-04,5.561e-06,2.471e+00,4.455e-04
1.254e+05,1.11763e+05,1.05884e+05,7.050e-04,2.493e-07,2.407e-03,1.779e-04,0.000e+00,0.000e+00,5.249e-04,5.548e-06,2.472e+00,4.449e-04
1.260e+05,1.11763e+05,1.05884e+05,6.975e-04,2.754e-07,2.415e-03,1.769e-04,0.000e+00,0.000e+00,5.239e-04,5.535e-06,2.474e+00,4.444e-04
1.266e+05,1.11763e+05,1.05884e+05,6.903e-04,1.152e-07,2.423e-03,1.760e-04,0.000e+00,0.000e+00,5.229e-04,5.522e-06,2.476e+00,4.439e-04
1.272e+05,1.11763e+05,1.05884e+05,6.833e-04,1.360e-07,2.431e-03,1.751e-04,0.000e+00,0.000e+00,5.219e-04,5.509e-06,2.477e+00,4.435e-04
1.278e+05,1.11763e+05,1.05884e+05,6.769e-04,6.939e-08,2.438e-03,1.743e-04,0.000e+00,0.000e+00,5.209e-04,5.497e-06,2.479e+00,4.432e-04
1.284e+05,1.11763e+05,1.05884e+05,6.705e-04,6.911e-08,2.446e-03,1.735e-04,0.000e+00,0.000e+00,5.200e-04,5.484e-06,2.481e+00,4.429e-04
1.290e+05,1.11763e+05,1.05884e+05,6.643e-04,7.560e-08,2.453e-03,1.727e-04,0.000e+00,0.000e+00,5.190e-04,5.472e-06,2.482e+00,4.426e-04
1.296e+05,1.11763e+05,1.05884e+05,6.585e-04,6.855e-08,2.459e-03,1.720e-04,0.000e+00,0.000e+00,5.181e-04,5.460e-06,2.484e+00,4.424e-04
1.302e+05,1.11763e+05,1.05884e+05,6.527e-04,1.247e-07,2.466e-03,1.713e-04,0.000e+00,0.000e+00,5.172e-04,5.447e-06,2.486e+00,4.422e-04
1.308e+05,1.11763e+05,1.05884e+05,6.470e-04,1.578e-07,2.473e-03,1.706e-04,0.000e+00,0.000e+00,5.163e-04,5.435e-06,2.487e+00,4.420e-04
1.314e+05,1.11763e+05,1.05884e+05,6.426e-04,4.299e-08,2.478e-03,1.700e-04,0.000e+00,0.000e+00,5.155e-04,5.424e-06,2.489e+00,4.420e-04
1.320e+05,1.11763e+05,1.05884e+05,6.374e-04,6.749e-08,2.484e-03,1.694e-04,0.000e+00,0.000e+00,5.146e-04,5.411e-06,2.491e+00,4.419e-04
1.326e+05,1.11763e+05,1.05884e+05,6.324e-04,8.405e-08,2.490e-03,1.687e-04,0.000e+00,0.000e+00,5.138e-04,5.399e-06,2.492e+00,4.418e-04
1.332e+05,1.11763e+05,1.05884e+05,6.274e-04,1.536e-07,2.496e-03,1.682e-04,0.000e+00,0.000e+00,5.130e-04,5.388e-06,2.494e+00,4.418e-04
1.338e+05,1.11763e+05,1.05884e+05,6.220e-04,1.074e-07,2.502e-03,1.676e-04,0.000e+00,0.000e+00,5.121e-04,5.376e-06,2.496e+00,4.418e-04
1.344e+05,1.11763e+05,1.05884e+05,6.164e-04,4.293e-08,2.509e-03,1.670e-04,0.000e+00,0.000e+00,5.113e-04,5.364e-06,2.497e+00,4.418e-04
1.350e+05,1.11763e+05,1.05884e+05,6.106e-04,9.913e-08,2.516e-03,1.664e-04,0.000e+00,0.000e+00,5.105e-04,5.351e-06,2.499e+00,4.418e-04
1.356e+05,1.11763e+05,1.05884e+05,6.048e-04,1.761e-07,2.523e-03,1.658e-04,0.000e+00,0.000e+00,5.097e-04,5.339e-06,2.500e+00,4.418e-04
1.362e+05,1.11763e+05,1.05884e+05,5.993e-04,1.189e-07,2.529e-03,1.652e-04,0.000e+00,0.000e+00,5.089e-04,5.327e-06,2.502e+00,4.419e-04
1.368e+05,1.11763e+05,1.05884e+05,5.940e-04,1.270e-07,2.535e-03,1.647e-04,0.000e+00,0.000e+00,5.081e-04,5.315e-06,2.504e+00,4.420e-04
1.374e+05,1.11763e+05,1.05884e+05,5.887e-04,2.712e-07,2.542e-03,1.641e-04,0.000e+00,0.000e+00,5.073e-04,5.303e-06,2.505e+00,4.421e-04
1.380e+05,1.11763e+05,1.05884e+05,5.835e-04,2.113e-07,2.548e-03,1.636e-04,0.000e+00,0.000e+00,5.065e-04,5.291e-06,2.507e+00,4.423e-04
1.386e+05,1.11763e+05,1.05884e+05,5.779e-04,2.768e-07,2.555e-03,1.631e-04,0.000e+00,0.000e+00,5.058e-04,5.279e-06,2.509e+00,4.424e-04
1.392e+05,1.11763e+05,1.05884e+05,5.720e-04,4.104e-07,2.561e-03,1.626e-04,0.000e+00,0.000e+00,5.050e-04,5.267e-06,2.510e+00,4.426e-04
1.398e+05,1.11763e+05,1.05884e+05,5.668e-04,2.230e-07,2.568e-03,1.620e-04,0.000e+00,0.000e+00,5.042e-04,5.255e-06,2.512e+00,4.428e-04
1.404e+05,1.11763e+05,1.05884e+05,5.623e-04,1.739e-07,2.573e-03,1.616e-04,0.000e+00,0.000e+00,5.035e-04,5.243e-06,2.514e+00,4.431e-04
1.410e+05,1.11763e+05,1.05884e+05,5.576e-04,1.974e-07,2.579e-03,1.612e-04,0.000e+00,0.000e+00,5.028e-04,5.232e-06,2.515e+00,4.434e-04
1.416e+05,1.11763e+05,1.05884e+05,5.526e-04,1.537e-07,2.585e-03,1.608e-04,0.000e+00,0.000e+00,5.021e-04,5.220e-06,2.517e+00,4.437e-04
1.422e+05,1.11763e+05,1.05884e+05,5.471e-04,1.314e-07,2.591e-03,1.603e-04,0.000e+00,0.000e+00,5.013e-04,5.208e-06,2.519e+00,4.440e-04
1.428e+05,1.11763e+05,1.05884e+05,5.417e-04,1.310e-07,2.598e-03,1.599e-04,0.000e+00,0.000e+00,5.006e-04,5.196e-06,2.520e+00,4.444e-04
1.434e+05,1.11763e+05,1.05884e+05,5.365e-04,1.036e-07,2.604e-03,1.595e-04,0.000e+00,0.000e+00,4.999e-04,5.184e-06,2.522e+00,4.447e-04
1.440e+05,1.11763e+05,1.05884e+05,5.315e-04,1.006e-08,2.610e-03,1.591e-04,0.000e+00,0.000e+00,4.992e-04,5.173e-06,2.524e+00,4.452e-04
1.446e+05,1.11763e+05,1.05884e+05,5.265e-04,0.000e+00,2.616e-03,1.588e-04,0.000e+00,0.000e+00,4.985e-04,5.161e-06,2.525e+00,4.456e-04
1.452e+05,1.11763e+05,1.05884e+05,5.213e-04,3.251e-08,2.622e-03,1.584e-04,0.000e+00,0.000e+00,4.979e-04,5.149e-06,2.527e+00,4.461e-04
1.458e+05,1.11763e+05,1.05884e+05,5.165e-04,0.000e+00,2.627e-03,1.581e-04,0.000e+00,0.000e+00,4.972e-04,5.138e-06,2.529e+00,4.466e-04
1.464e+05,1.11763e+05,1.05884e+05,5.116e-04,0.000e+00,2.633e-03,1.578e-04,0.000e+00,0.000e+00,4.965e-04,5.126e-06,2.530e+00,4.471e-04
1.470e+05,1.11763e+05,1.05884e+05,5.068e-04,0.000e+00,2.639e-03,1.575e-04,0.000e+00,0.000e+00,4.959e-04,5.115e-06,2.532e+00,4.476e-04
1.476e+05,1.11763e+05,1.05884e+05,5.020e-04,6.290e-08,2.644e-03,1.573e-04,0.000e+00,0.000e+00,4.952e-04,5.104e-06,2.533e+00,4.482e-04
1.482e+05,1.11763e+05,1.05884e+05,4.971e-04,0.000e+00,2.650e-03,1.570e-04,0.000e+00,0.000e+00,4.946e-04,5.092e-06,2.535e+00,4.487e-04
1.488e+05,1.11763e+05,1.05884e+05,4.920e-04,7.949e-08,2.656e-03,1.568e-04,0.000e+00,0.000e+00,4.940e-04,5.081e-06,2.537e+00,4.493e-04
1.494e+05,1.11763e+05,1.05884e+05,4.868e-04,7.933e-08,2.662e-03,1.565e-04,0.000e+00,0.000e+00,4.933e-04,5.070e-06,2.538e+00,4.500e-04
1.500e+05,1.11763e+05,1.05884e+05,4.815e-04,7.747e-08,2.669e-03,1.563e-04,0.000e+00,0.000e+00,4.927e-04,5.058e-06,2.540e+00,4.506e-04
1.506e+05,1.11763e+05,1.05884e+05,4.760e-04,1.427e-07,2.675e-03,1.561e-04,0.000e+00,0.000e+00,4.921e-04,5.046e-06,2.542e+00,4.513e-04
1.512e+05,1.11763e+05,1.05884e+05,4.707e-04,9.614e-08,2.682e-03,1.559e-04,0.000e+00,0.000e+00,4.914e-04,5.035e-06,2.543e+00,4.520e-04
1.518e+05,1.11763e+05,1.05884e+05,4.653e-04,3.735e-08,2.688e-03,1.557e-04,0.000e+00,0.000e+00,4.908e-04,5.023e-06,2.545e+00,4.527e-04
1.524e+05,1.11763e+05,1.05884e+05,4.602e-04,5.534e-09,2.695e-03,1.555e-04,0.000e+00,0.000e+00,4.902e-04,5.012e-06,2.547e+00,4.533e-04
1.530e+05,1.11763e+05,1.05884e+05,4.547e-04,0.000e+00,2.701e-03,1.554e-04,0.000e+00,0.000e+00,4.896e-04,5.001e-06,2.548e+00,4.541e-04
1.536e+05,1.11763e+05,1.05884e+05,4.488e-04,1.669e-07,2.708e-03,1.552e-04,0.000e+00,0.000e+00,4.890e-04,4.989e-06,2.550e+00,4.549e-04
1.542e+05,1.11763e+05,1.05884e+05,4.430e-04,1.608e-07,2.715e-03,1.551e-04,0.000e+00,0.000e+00,4.884e-04,4.978e-06,2.552e+00,4.557e-04
1.548e+05,1.11763e+05,1.05884e+05,4.372e-04,1.507e-07,2.722e-03,1.550e-04,0.000e+00,0.000e+00,4.878e-04,4.966e-06,2.553e+00,4.565e-04
1.554e+05,1.11763e+05,1.05884e+05,4.309e-04,2.598e-07,2.730e-03,1.549e-04,0.000e+00,0.000e+00,4.871e-04,4.954e-06,2.555e+00,4.574e-04
1.560e+05,1.11763e+05,1.05884e+05,4.248e-04,1.135e-07,2.738e-03,1.548e-04,0.000e+00,0.000e+00,4.865e-04,4.943e-06,2.557e+00,4.583e-04
1.566e+05,1.11763e+05,1.05884e+05,4.185e-04,1.012e-07,2.745e-03,1.547e-04,0.000e+00,0.000e+00,4.859e-04,4.931e-06,2.558e+00,4.593e-04
1.572e+05,1.11763e+05,1.05884e+05,4.117e-04,1.509e-07,2.754e-03,1.546e-04,0.000e+00,0.000e+00,4.853e-04,4.919e-06,2.560e+00,4.602e-04
1.578e+05,1.11763e+05,1.05884e+05,4.046e-04,1.126e-07,2.762e-03,1.546e-04,0.000e+00,0.000e+00,4.847e-04,4.907e-06,2.562e+00,4.613e-04
1.584e+05,1.11763e+05,1.05884e+05,3.976e-04,7.550e-08,2.771e-03,1.546e-04,0.000e+00,0.000e+00,4.841e-04,4.895e-06,2.563e+00,4.624e-04
1.590e+05,1.11763e+05,1.05884e+05,3.904e-04,1.002e-07,2.780e-03,1.546e-04,0.000e+00,0.000e+00,4.835e-04,4.883e-06,2.565e+00,4.635e-04
1.596e+05,1.11762e+05,1.05884e+05,3.829e-04,5.019e-09,2.789e-03,1.546e-04,0.000e+00,0.000e+00,4.829e-04,4.871e-06,2.567e+00,4.646e-04
1.602e+05,1.11762e+05,1.05884e+05,3.748e-04,7.888e-08,2.799e-03,1.546e-04,0.000e+00,0.000e+00,4.823e-04,4.859e-06,2.568e+00,4.658e-04
1.608e+05,1.11762e+05,1.05884e+05,3.668e-04,5.326e-08,2.809e-03,1.546e-04,0.000e+00,0.000e+00,4.816e-04,4.847e-06,2.570e+00,4.671e-04
1.614e+05,1.11763e+05,1.05884e+05,3.587e-04,6.796e-08,2.819e-03,1.547e-04,0.000e+00,0.000e+00,4.810e-04,4.834e-06,2.571e+00,4.683e-04
1.620e+05,1.11763e+05,1.05884e+05,3.509e-04,8.981e-08,2.829e-03,1.548e-04,0.000e+00,0.000e+00,4.804e-04,4.822e-06,2.573e+00,4.696e-04
1.626e+05,1.11762e+05,1.05884e+05,3.429e-04,1.350e-07,2.839e-03,1.550e-04,0.000e+00,0.000e+00,4.798e-04,4.810e-06,2.575e+00,4.710e-04
1.632e+05,1.11763e+05,1.05884e+05,3.356e-04,8.917e-08,2.848e-03,1.552e-04,0.000e+00,0.000e+00,4.793e-04,4.798e-06,2.576e+00,4.723e-04
1.638e+05,1.11763e+05,1.05884e+05,3.281e-04,2.112e-07,2.857e-03,1.554e-04,0.000e+00,0.000e+00,4.787e-04,4.787e-06,2.578e+00,4.737e-04
1.644e+05,1.11763e+05,1.05884e+05,3.206e-04,1.245e-07,2.867e-03,1.557e-04,0.000e+00,0.000e+00,4.781e-04,4.775e-06,2.580e+00,4.751e-04
1.650e+05,1.11762e+05,1.05884e+05,3.129e-04,1.831e-07,2.876e-03,1.559e-04,0.000e+00,0.000e+00,4.776e-04,4.763e-06,2.581e+00,4.765e-04
1.656e+05,1.11762e+05,1.05884e+05,3.048e-04,2.708e-07,2.887e-03,1.562e-04,0.000e+00,0.000e+00,4.770e-04,4.751e-06,2.583e+00,4.780e-04
1.662e+05,1.11762e+05,1.05884e+05,2.968e-04,1.069e-07,2.897e-03,1.566e-04,0.000e+00,0.000e+00,4.764e-04,4.739e-06,2.585e+00,4.795e-04
1.668e+05,1.11763e+05,1.05884e+05,2.894e-04,1.270e-07,2.906e-03,1.570e-04,0.000e+00,0.000e+00,4.759e-04,4.728e-06,2.586e+00,4.811e-04
1.674e+05,1.11762e+05,1.05884e+05,2.817e-04,1.180e-07,2.916e-03,1.574e-04,0.000e+00,0.000e+00,4.753e-04,4.716e-06,2.588e+00,4.826e-04
1.680e+05,1.11763e+05,1.05884e+05,2.739e-04,1.253e-07,2.926e-03,1.579e-04,0.000e+00,0.000e+00,4.748e-04,4.705e-06,2.590e+00,4.842e-04
1.686e+05,1.11763e+05,1.05884e+05,2.672e-04,4.158e-08,2.935e-03,1.583e-04,0.000e+00,0.000e+00,4.742e-04,4.694e-06,2.591e+00,4.858e-04
1.692e+05,1.11763e+05,1.05884e+05,2.606e-04,1.116e-08,2.944e-03,1.589e-04,0.000e+00,0.000e+00,4.737e-04,4.683e-06,2.593e+00,4.873e-04
1.698e+05,1.11763e+05,1.05884e+05,2.542e-04,3.122e-09,2.952e-03,1.594e-04,0.000e+00,0.000e+00,4.733e-04,4.672e-06,2.595e+00,4.889e-04
1.704e+05,1.11763e+05,1.05884e+05,2.474e-04,1.430e-07,2.961e-03,1.600e-04,0.000e+00,0.000e+00,4.728e-04,4.661e-06,2.596e+00,4.905e-04
1.710e+05,1.11763e+05,1.05884e+05,2.407e-04,1.277e-07,2.970e-03,1.606e-04,0.000e+00,0.000e+00,4.723e-04,4.650e-06,2.598e+00,4.921e-04
1.716e+05,1.11763e+05,1.05884e+05,2.340e-04,1.915e-07,2.979e-03,1.612e-04,0.000e+00,0.000e+00,4.718e-04,4.639e-06,2.600e+00,4.938e-04
1.722e+05,1.11763e+05,1.05884e+05,2.268e-04,1.540e-07,2.988e-03,1.619e-04,0.000e+00,0.000e+00,4.713e-04,4.628e-06,2.601e+00,4.955e-04
1.728e+05,1.11762e+05,1.05884e+05,2.191e-04,3.056e-07,2.998e-03,1.626e-04,0.000e+00,0.000e+00,4.708e-04,4.617e-06,2.603e+00,4.972e-04
1.734e+05,1.11763e+05,1.05884e+05,2.120e-04,2.180e-07,3.007e-03,1.633e-04,0.000e+00,0.000e+00,4.703e-04,4.606e-06,2.605e+00,4.990e-04
1.740e+05,1.11763e+05,1.05884e+05,2.050e-04,2.192e-07,3.017e-03,1.641e-04,0.000e+00,0.000e+00,4.698e-04,4.595e-06,2.598e+00,5.007e-04
1.746e+05,1.11763e+05,1.05884e+05,1.985e-04,2.723e-07,3.025e-03,1.648e-04,0.000e+00,0.000e+00,4.693e-04,4.585e-06,2.591e+00,5.025e-04
1.752e+05,1.11763e+05,1.05884e+05,1.924e-04,3.617e-07,3.033e-03,1.656e-04,0.000e+00,0.000e+00,4.689e-04,4.575e-06,2.584e+00,5.042e-04
1.758e+05,1.11763e+05,1.05884e+05,1.880e-04,2.816e-07,3.040e-03,1.664e-04,0.000e+00,0.000e+00,4.685e-04,4.566e-06,2.577e+00,5.058e-04
1.764e+05,1.11763e+05,1.05884e+05,1.841e-04,2.486e-07,3.046e-03,1.672e-04,0.000e+00,0.000e+00,4.681e-04,4.557e-06,2.570e+00,5.074e-04
1.770e+05,1.11763e+05,1.05884e+05,1.805e-04,2.043e-07,3.051e-03,1.681e-04,0.000e+00,0.000e+00,4.677e-04,4.548e-06,2.563e+00,5.089e-04
1.776e+05,1.11763e+05,1.05884e+05,1.767e-04,1.338e-07,3.057e-03,1.689e-04,0.000e+00,0.000e+00,4.674e-04,4.539e-06,2.556e+00,5.105e-04
1.782e+05,1.11763e+05,1.05884e+05,1.728e-04,5.921e-08,3.062e-03,1.697e-04,0.000e+00,0.000e+00,4.670e-04,4.530e-06,2.549e+00,5.120e-04
1.788e+05,1.11763e+05,1.05884e+05,1.692e-04,0.000e+00,3.068e-03,1.706e-04,0.000e+00,0.000e+00,4.667e-04,4.521e-06,2.543e+00,5.136e-04
1.794e+05,1.11763e+05,1.05884e+05,1.655e-04,0.000e+00,3.073e-03,1.715e-04,0.000e+00,0.000e+00,4.663e-04,4.513e-06,2.536e+00,5.152e-04
1.800e+05,1.11763e+05,1.05884e+05,1.617e-04,1.909e-09,3.079e-03,1.724e-04,0.000e+00,0.000e+00,4.660e-04,4.504e-06,2.529e+00,5.168e-04
1.806e+05,1.11763e+05,1.05884e+05,1.579e-04,0.000e+00,3.085e-03,1.733e-04,0.000e+00,0.000e+00,4.656e-04,4.495e-06,2.522e+00,5.184e-04
1.812e+05,1.11763e+05,1.05884e+05,1.541e-04,0.000e+00,3.090e-03,1.742e-04,0.000e+00,0.000e+00,4.653e-04,4.487e-06,2.515e+00,5.200e-04
1.818e+05,1.11763e+05,1.05884e+05,1.501e-04,2.668e-08,3.096e-03,1.751e-04,0.000e+00,0.000e+00,4.649e-04,4.478e-06,2.508e+00,5.216e-04
1.824e+05,1.11763e+05,1.05884e+05,1.459e-04,2.612e-08,3.102e-03,1.761e-04,0.000e+00,0.000e+00,4.646e-04,4.469e-06,2.501e+00,5.233e-04
1.830e+05,1.11763e+05,1.05884e+05,1.416e-04,4.365e-08,3.108e-03,1.771e-04,0.000e+00,0.000e+00,4.642e-04,4.460e-06,2.494e+00,5.249e-04
1.836e+05,1.11763e+05,1.05884e+05,1.371e-04,2.358e-08,3.115e-03,1.781e-04,0.000e+00,0.000e+00,4.638e-04,4.451e-06,2.487e+00,5.266e-04
1.842e+05,1.11763e+05,1.05884e+05,1.324e-04,3.395e-10,3.122e-03,1.791e-04,0.000e+00,0.000e+00,4.635e-04,4.442e-06,2.481e+00,5.284e-04
1.848e+05,1.11763e+05,1.05884e+05,1.277e-04,0.000e+00,3.128e-03,1.802e-04,0.000e+00,0.000e+00,4.631e-04,4.433e-06,2.474e+00,5.301e-04
1.854e+05,1.11763e+05,1.05884e+05,1.226e-04,6.159e-08,3.135e-03,1.813e-04,0.000e+00,0.000e+00,4.628e-04,4.424e-06,2.467e+00,5.318e-04
1.860e+05,1.11763e+05,1.05884e+05,1.177e-04,9.502e-09,3.142e-03,1.824e-04,0.000e+00,0.000e+00,4.624e-04,4.415e-06,2.460e+00,5.336e-04
1.866e+05,1.11763e+05,1.05884e+05,1.130e-04,0.000e+00,3.149e-03,1.835e-04,0.000e+00,0.000e+00,4.620e-04,4.406e-06,2.453e+00,5.354e-04
1.872e+05,1.11763e+05,1.05884e+05,1.079e-04,2.130e-08,3.156e-03,1.846e-04,0.000e+00,0.000e+00,4.617e-04,4.397e-06,2.446e+00,5.371e-04
1.878e+05,1.11763e+05,1.05884e+05,1.027e-04,0.000e+00,3.164e-03,1.857e-04,0.000e+00,0.000e+00,4.613e-04,4.388e-06,2.439e+00,5.389e-04
1.884e+05,1.11763e+05,1.05884e+05,9.753e-05,0.000e+00,3.171e-03,1.869e-04,0.000e+00,0.000e+00,4.610e-04,4.379e-06,2.432e+00,5.407e-04
1.890e+05,1.11763e+05,1.05884e+05,9.266e-05,1.389e-08,3.178e-03,1.881e-04,0.000e+00,0.000e+00,4.606e-04,4.370e-06,2.425e+00,5.425e-04
1.896e+05,1.11763e+05,1.05884e+05,8.774e-05,0.000e+00,3.185e-03,1.892e-04,0.000e+00,0.000e+00,4.603e-04,4.362e-06,2.419e+00,5.443e-04
1.902e+05,1.11763e+05,1.05884e+05,8.300e-05,0.000e+00,3.192e-03,1.904e-04,0.000e+00,0.000e+00,4.599e-04,4.353e-06,2.412e+00,5.461e-04
1.908e+05,1.11763e+05,1.05884e+05,7.821e-05,0.000e+00,3.198e-03,1.916e-04,0.000e+00,0.000e+00,4.596e-04,4.344e-06,2.405e+00,5.478e-04
1.914e+05,1.11763e+05,1.05884e+05,7.341e-05,1.432e-08,3.205e-03,1.928e-04,0.000e+00,0.000e+00,4.593e-04,4.336e-06,2.398e+00,5.496e-04
1.920e+05,1.11763e+05,1.05884e+05,6.857e-05,5.655e-08,3.212e-03,1.940e-04,0.000e+00,0.000e+00,4.589e-04,4.327e-06,2.391e+00,5.514e-04
1.926e+05,1.11763e+05,1.05884e+05,6.358e-05,1.240e-08,3.219e-03,1.953e-04,0.000e+00,0.000e+00,4.586e-04,4.318e-06,2.384e+00,5.532e-04
1.932e+05,1.11763e+05,1.05884e+05,5.885e-05,3.538e-09,3.226e-03,1.966e-04,0.000e+00,0.000e+00,4.583e-04,4.310e-06,2.377e+00,5.550e-04
1.938e+05,1.11763e+05,1.05884e+05,5.454e-05,3.972e-08,3.232e-03,1.978e-04,0.000e+00,0.000e+00,4.580e-04,4.301e-06,2.370e+00,5.567e-04
1.944e+05,1.11763e+05,1.05884e+05,5.080e-05,0.000e+00,3.238e-03,1.990e-04,0.000e+00,0.000e+00,4.577e-04,4.293e-06,2.363e+00,5.584e-04
1.950e+05,1.11763e+05,1.05884e+05,4.666e-05,8.391e-08,3.244e-03,2.002e-04,0.000e+00,0.000e+00,4.574e-04,4.285e-06,2.357e+00,5.601e-04
1.956e+05,1.11763e+05,1.05884e+05,4.306e-05,0.000e+00,3.249e-03,2.014e-04,0.000e+00,0.000e+00,4.571e-04,4.277e-06,2.350e+00,5.618e-04
1.962e+05,1.11763e+05,1.05884e+05,3.965e-05,0.000e+00,3.254e-03,2.027e-04,0.000e+00,0.000e+00,4.568e-04,4.270e-06,2.343e+00,5.635e-04
1.968e+05,1.11763e+05,1.05884e+05,3.630e-05,0.000e+00,3.260e-03,2.039e-04,0.000e+00,0.000e+00,4.565e-04,4.262e-06,2.336e+00,5.651e-04
1.974e+05,1.11763e+05,1.05884e+05,3.321e-05,0.000e+00,3.264e-03,2.051e-04,0.000e+00,0.000e+00,4.563e-04,4.254e-06,2.329e+00,5.667e-04
1.980e+05,1.11763e+05,1.05884e+05,2.996e-05,5.466e-08,3.269e-03,2.063e-04,0.000e+00,0.000e+00,4.560e-04,4.247e-06,2.322e+00,5.683e-04
1.986e+05,1.11763e+05,1.05884e+05,2.703e-05,1.677e-10,3.274e-03,2.075e-04,0.000e+00,0.000e+00,4.557e-04,4.240e-06,2.315e+00,5.699e-04
1.992e+05,1.11763e+05,1.05884e+05,2.407e-05,0.000e+00,3.279e-03,2.087e-04,0.000e+00,0.000e+00,4.555e-04,4.232e-06,2.308e+00,5.715e-04
1.998e+05,1.11763e+05,1.05884e+05,2.098e-05,0.000e+00,3.283e-03,2.099e-04,0.000e+00,0.000e+00,4.552e-04,4.225e-06,2.301e+00,5.731e-04
2.004e+05,1.11763e+05,1.05884e+05,1.795e-05,6.947e-08,3.288e-03,2.111e-04,0.000e+00,0.000e+00,4.550e-04,4.218e-06,2.295e+00,5.746e-04
2.010e+05,1.11763e+05,1.05884e+05,1.530e-05,3.340e-11,3.292e-03,2.124e-04,0.000e+00,0.000e+00,4.547e-04,4.210e-06,2.288e+00,5.762e-04
2.016e+05,1.11763e+05,1.05884e+05,1.246e-05,4.256e-08,3.297e-03,2.136e-04,0.000e+00,0.000e+00,4.545e-04,4.203e-06,2.281e+00,5.778e-04
2.022e+05,1.11763e+05,1.05884e+05,1.023e-05,0.000e+00,3.301e-03,2.148e-04,0.000e+00,0.000e+00,4.542e-04,4.196e-06,2.274e+00,5.793e-04
2.028e+05,1.11763e+05,1.05884e+05,8.253e-06,3.605e-08,3.304e-03,2.159e-04,0.000e+00,0.000e+00,4.540e-04,4.190e-06,2.267e+00,5.807e-04
2.034e+05,1.11763e+05,1.05884e+05,6.313e-06,5.281e-08,3.307e-03,2.171e-04,0.000e+00,0.000e+00,4.538e-04,4.183e-06,2.260e+00,5.822e-04
2.040e+05,1.11763e+05,1.05884e+05,4.624e-06,4.422e-08,3.310e-03,2.182e-04,0.000e+00,0.000e+00,4.536e-04,4.176e-06,2.253e+00,5.836e-04
2.046e+05,1.11763e+05,1.05884e+05,3.342e-06,0.000e+00,3.313e-03,2.193e-04,0.000e+00,0.000e+00,4.534e-04,4.170e-06,2.246e+00,5.849e-04
2.052e+05,1.11763e+05,1.05884e+05,1.836e-06,3.942e-08,3.316e-03,2.205e-04,0.000e+00,0.000e+00,4.532e-04,4.164e-06,2.239e+00,5.863e-04
2.058e+05,1.11763e+05,1.05884e+05,4.057e-07,9.381e-08,3.318e-03,2.216e-04,0.000e+00,0.000e+00,4.530e-04,4.157e-06,2.233e+00,5.877e-04
2.064e+05,1.11763e+05,1.05885e+05,0.000e+00,2.259e-08,3.320e-03,2.226e-04,0.000e+00,0.000e+00,4.528e-04,4.151e-06,2.226e+00,5.890e-04
2.070e+05,1.11763e+05,1.05885e+05,0.000e+00,0.000e+00,3.321e-03,2.237e-04,0.000e+00,0.000e+00,4.527e-04,4.145e-06,2.219e+00,5.902e-04
2.076e+05,1.11763e+05,1.05885e+05,0.000e+00,0.000e+00,3.322e-03,2.247e-04,0.000e+00,0.000e+00,4.525e-04,4.140e-06,2.212e+00,5.914e-04
2.082e+05,1.11763e+05,1.05885e+05,0.000e+00,0.000e+00,3.323e-03,2.257e-04,0.000e+00,0.000e+00,4.524e-04,4.134e-06,2.205e+00,5.926e-04
2.088e+05,1.11763e+05,1.05885e+05,0.000e+00,0.000e+00,3.324e-03,2.267e-04,0.000e+00,0.000e+00,4.522e-04,4.128e-06,2.198e+00,5.938e-04
2.094e+05,1.11763e+05,1.05885e+05,0.000e+00,0.000e+00,3.325e-03,2.277e-04,0.000e+00,0.000e+00,4.521e-04,4.122e-06,2.191e+00,5.950e-04
2.100e+05,1.11763e+05,1.05885e+05,0.000e+00,0.000e+00,3.326e-03,2.287e-04,0.000e+00,0.000e+00,4.519e-04,4.117e-06,2.184e+00,5.962e-04
2.106e+05,1.11763e+05,1.05885e+05,0.000e+00,0.000e+00,3.327e-03,2.297e-04,0.000e+00,0.000e+00,4.518e-04,4.111e-06,2.177e+00,5.974e-04
2.112e+05,1.11763e+05,1.05885e+05,0.000e+00,0.000e+00,3.328e-03,2.308e-04,0.000e+00,0.000e+00,4.516e-04,4.105e-06,2.171e+00,5.986e-04
2.118e+05,1.11763e+05,1.05885e+05,0.000e+00,0.000e+00,3.329e-03,2.318e-04,0.000e+00,0.000e+00,4.515e-04,4.100e-06,2.164e+00,5.998e-04
2.124e+05,1.11763e+05,1.05885e+05,0.000e+00,0.000e+00,3.330e-03,2.328e-04,0.000e+00,0.000e+00,4.514e-04,4.094e-06,2.157e+00,6.009e-04
2.130e+05,1.11763e+05,1.05885e+05,0.000e+00,0.000e+00,3.331e-03,2.338e-04,0.000e+00,0.000e+00,4.512e-04,4.088e-06,2.150e+00,6.021e-04
2.136e+05,1.11763e+05,1.05885e+05,0.000e+00,0.000e+00,3.332e-03,2.348e-04,0.000e+00,0.000e+00,4.511e-04,4.083e-06,2.143e+00,6.033e-04
2.142e+05,1.11763e+05,1.05885e+05,0.000e+00,0.000e+00,3.333e-03,2.358e-04,0.000e+00,0.000e+00,4.509e-04,4.077e-06,2.136e+00,6.045e-04
2.148e+05,1.11763e+05,1.05885e+05,0.000e+00,0.000e+00,3.334e-03,2.368e-04,0.000e+00,0.000e+00,4.508e-04,4.072e-06,2.129e+00,6.057e-04
2.154e+05,1.11763e+05,1.05885e+05,0.000e+00,0.000e+00,3.335e-03,2.378e-04,0.000e+00,0.000e+00,4.507e-04,4.066e-06,2.122e+00,6.069e-04
2.160e+05,1.11763e+05,1.05885e+05,0.000e+00,0.000e+00,3.336e-03,2.389e-04,0.000e+00,0.000e+00,4.505e-04,4.061e-06,2.115e+00,6.080e-04
2.166e+05,1.11763e+05,1.05885e+05,0.000e+00,0.000e+00,3.337e-03,2.399e-04,0.000e+00,0.000e+00,4.504e-04,4.055e-06,2.109e+00,6.092e-04
2.172e+05,1.11763e+05,1.05885e+05,0.000e+00,0.000e+00,3.337e-03,2.409e-04,0.000e+00,0.000e+00,4.503e-04,4.050e-06,2.102e+00,6.104e-04
2.178e+05,1.11763e+05,1.05885e+05,0.000e+00,0.000e+00,3.338e-03,2.419e-04,0.000e+00,0.000e+00,4.501e-04,4.044e-06,2.095e+00,6.115e-04
2.184e+05,1.11763e+05,1.05885e+05,0.000e+00,0.000e+00,3.339e-03,2.429e-04,0.000e+00,0.000e+00,4.500e-04,4.039e-06,2.088e+00,6.127e-04
2.190e+05,1.11763e+05,1.05885e+05,0.000e+00,0.000e+00,3.340e-03,2.439e-04,0.000e+00,0.000e+00,4.499e-04,4.033e-06,2.081e+00,6.138e-04
2.196e+05,1.11763e+05,1.05885e+05,0.000e+00,0.000e+00,3.341e-03,2.449e-04,0.000e+00,0.000e+00,4.498e-04,4.028e-06,2.074e+00,6.150e-04
2.202e+05,1.11763e+05,1.05885e+05,0.000e+00,0.000e+00,3.342e-03,2.459e-04,0.000e+00,0.000e+00,4.496e-04,4.023e-06,2.067e+00,6.161e-04
2.208e+05,1.11763e+05,1.05885e+05,0.000e+00,0.000e+00,3.343e-03,2.469e-04,0.000e+00,0.000e+00,4.495e-04,4.017e-06,2.060e+00,6.173e-04
2.214e+05,1.11763e+05,1.05885e+05,0.000e+00,0.000e+00,3.344e-03,2.479e-04,0.000e+00,0.000e+00,4.494e-04,4.012e-06,2.053e+00,6.184e-04
2.220e+05,1.11763e+05,1.05885e+05,0.000e+00,0.000e+00,3.345e-03,2.489e-04,0.000e+00,0.000e+00,4.493e-04,4.007e-06,2.047e+00,6.195e-04
2.226e+05,1.11763e+05,1.05885e+05,0.000e+00,0.000e+00,3.346e-03,2.499e-04,0.000e+00,0.000e+00,4.491e-04,4.001e-06,2.040e+00,6.207e-04
2.232e+05,1.11763e+05,1.05885e+05,0.000e+00,0.000e+00,3.346e-03,2.509e-04,0.000e+00,0.000e+00,4.490e-04,3.996e-06,2.033e+00,6.218e-04
2.238e+05,1.11763e+05,1.05885e+05,0.000e+00,0.000e+00,3.347e-03,2.519e-04,0.000e+00,0.000e+00,4.489e-04,3.991e-06,2.026e+00,6.229e-04
2.244e+05,1.11763e+05,1.05885e+05,0.000e+00,0.000e+00,3.348e-03,2.529e-04,0.000e+00,0.000e+00,4.488e-04,3.986e-06,2.019e+00,6.241e-04
2.250e+05,1.11763e+05,1.05885e+05,0.000e+00,0.000e+00,3.349e-03,2.539e-04,0.000e+00,0.000e+00,4.487e-04,3.980e-06,2.012e+00,6.252e-04
2.256e+05,1.11763e+05,1.05885e+05,0.000e+00,0.000e+00,3.350e-03,2.549e-04,0.000e+00,0.000e+00,4.486e-04,3.975e-06,2.005e+00,6.263e-04
2.262e+05,1.11763e+05,1.05885e+05,0.000e+00,0.000e+00,3.351e-03,2.559e-04,0.000e+00,0.000e+00,4.485e-04,3.970e-06,1.998e+00,6.274e-04
2.268e+05,1.11763e+05,1.05885e+05,0.000e+00,0.000e+00,3.352e-03,2.569e-04,0.000e+00,0.000e+00,4.483e-04,3.965e-06,1.991e+00,6.285e-04
2.274e+05,1.11763e+05,1.05885e+05,0.000e+00,0.000e+00,3.353e-03,2.579e-04,0.000e+00,0.000e+00,4.482e-04,3.960e-06,1.985e+00,6.297e-04
2.280e+05,1.11763e+05,1.05885e+05,0.000e+00,0.000e+00,3.353e-03,2.589e-04,0.000e+00,0.000e+00,4.481e-04,3.955e-06,1.978e+00,6.308e-04
2.286e+05,1.11763e+05,1.05885e+05,0.000e+00,0.000e+00,3.354e-03,2.599e-04,0.000e+00,0.000e+00,4.480e-04,3.949e-06,1.971e+00,6.319e-04
2.292e+05,1.11763e+05,1.05885e+05,0.000e+00,0.000e+00,3.355e-03,2.609e-04,0.000e+00,0.000e+00,4.479e-04,3.944e-06,1.964e+00,6.330e-04
2.298e+05,1.11763e+05,1.05885e+05,0.000e+00,0.000e+00,3.356e-03,2.618e-04,0.000e+00,0.000e+00,4.478e-04,3.939e-06,1.957e+00,6.341e-04
2.304e+05,1.11763e+05,1.05885e+05,0.000e+00,0.000e+00,3.357e-03,2.628e-04,0.000e+00,0.000e+00,4.477e-04,3.934e-06,1.950e+00,6.352e-04
2.310e+05,1.11763e+05,1.05885e+05,0.000e+00,0.000e+00,3.358e-03,2.638e-04,0.000e+00,0.000e+00,4.476e-04,3.929e-06,1.943e+00,6.363e-04
2.316e+05,1.11763e+05,1.05885e+05,0.000e+00,0.000e+00,3.359e-03,2.648e-04,0.000e+00,0.000e+00,4.475e-04,3.924e-06,1.936e+00,6.374e-04
2.322e+05,1.11763e+05,1.05885e+05,0.000e+00,0.000e+00,3.359e-03,2.658e-04,0.000e+00,0.000e+00,4.474e-04,3.919e-06,1.929e+00,6.385e-04
2.328e+05,1.11763e+05,1.05885e+05,0.000e+00,0.000e+00,3.360e-03,2.667e-04,0.000e+00,0.000e+00,4.473e-04,3.914e-06,1.923e+00,6.396e-04
2.334e+05,1.11763e+05,1.05885e+05,0.000e+00,0.000e+00,3.361e-03,2.677e-04,0.000e+00,0.000e+00,4.472e-04,3.909e-06,1.916e+00,6.406e-04
2.340e+05,1.11763e+05,1.05885e+05,0.000e+00,0.000e+00,3.362e-03,2.687e-04,0.000e+00,0.000e+00,4.471e-04,3.904e-06,1.909e+00,6.417e-04
2.346e+05,1.11763e+05,1.05885e+05,0.000e+00,0.000e+00,3.363e-03,2.697e-04,0.000e+00,0.000e+00,4.470e-04,3.900e-06,1.902e+00,6.428e-04
2.352e+05,1.11763e+05,1.05885e+05,0.000e+00,0.000e+00,3.364e-03,2.707e-04,0.000e+00,0.000e+00,4.469e-04,3.895e-06,1.895e+00,6.439e-04
2.358e+05,1.11763e+05,1.05885e+05,0.000e+00,0.000e+00,3.364e-03,2.717e-04,0.000e+00,0.000e+00,4.468e-04,3.890e-06,1.888e+00,6.450e-04
2.364e+05,1.11763e+05,1.05885e+05,0.000e+00,0.000e+00,3.365e-03,2.726e-04,0.000e+00,0.000e+00,4.467e-04,3.885e-06,1.881e+00,6.461e-04
2.370e+05,1.11763e+05,1.05885e+05,0.000e+00,0.000e+00,3.366e-03,2.736e-04,0.000e+00,0.000e+00,4.466e-04,3.880e-06,1.874e+00,6.472e-04
2.376e+05,1.11763e+05,1.05885e+05,0.000e+00,0.000e+00,3.367e-03,2.746e-04,0.000e+00,0.000e+00,4.466e-04,3.876e-06,1.867e+00,6.483e-04
2.382e+05,1.11763e+05,1.05885e+05,0.000e+00,0.000e+00,3.368e-03,2.756e-04,0.000e+00,0.000e+00,4.465e-04,3.871e-06,1.861e+00,6.494e-04
2.388e+05,1.11763e+05,1.05885e+05,0.000e+00,0.000e+00,3.368e-03,2.765e-04,0.000e+00,0.000e+00,4.464e-04,3.866e-06,1.854e+00,6.504e-04
2.394e+05,1.11763e+05,1.05885e+05,0.000e+00,0.000e+00,3.369e-03,2.775e-04,0.000e+00,0.000e+00,4.463e-04,3.861e-06,1.847e+00,6.515e-04
2.400e+05,1.11763e+05,1.05885e+05,0.000e+00,0.000e+00,3.370e-03,2.785e-04,0.000e+00,0.000e+00,4.462e-04,3.857e-06,1.840e+00,6.526e-04
2.406e+05,1.11763e+05,1.05885e+05,0.000e+00,0.000e+00,3.371e-03,2.795e-04,0.000e+00,0.000e+00,4.461e-04,3.852e-06,1.833e+00,6.537e-04
2.412e+05,1.11763e+05,1.05885e+05,0.000e+00,0.000e+00,3.372e-03,2.804e-04,0.000e+00,0.000e+00,4.461e-04,3.847e-06,1.826e+00,6.547e-04
2.418e+05,1.11763e+05,1.05885e+05,0.000e+00,0.000e+00,3.372e-03,2.814e-04,0.000e+00,0.000e+00,4.460e-04,3.843e-06,1.819e+00,6.558e-04
2.424e+05,1.11763e+05,1.05885e+05,0.000e+00,0.000e+00,3.373e-03,2.824e-04,0.000e+00,0.000e+00,4.459e-04,3.838e-06,1.812e+00,6.569e-04
2.430e+05,1.11763e+05,1.05885e+05,0.000e+00,0.000e+00,3.374e-03,2.833e-04,0.000e+00,0.000e+00,4.458e-04,3.834e-06,1.805e+00,6.579e-04
2.436e+05,1.11763e+05,1.05885e+05,0.000e+00,0.000e+00,3.375e-03,2.843e-04,0.000e+00,0.000e+00,4.457e-04,3.829e-06,1.799e+00,6.590e-04
2.442e+05,1.11763e+05,1.05885e+05,0.000e+00,0.000e+00,3.376e-03,2.853e-04,0.000e+00,0.000e+00,4.457e-04,3.824e-06,1.792e+00,6.600e-04
2.448e+05,1.11763e+05,1.05885e+05,0.000e+00,0.000e+00,3.376e-03,2.862e-04,0.000e+00,0.000e+00,4.456e-04,3.820e-06,1.785e+00,6.611e-04
2.454e+05,1.11763e+05,1.05885e+05,0.000e+00,0.000e+00,3.377e-03,2.872e-04,0.000e+00,0.000e+00,4.455e-04,3.815e-06,1.778e+00,6.622e-04
2.460e+05,1.11763e+05,1.05885e+05,0.000e+00,0.000e+00,3.378e-03,2.882e-04,0.000e+00,0.000e+00,4.454e-04,3.811e-06,1.771e+00,6.632e-04
2.466e+05,1.11763e+05,1.05885e+05,0.000e+00,0.000e+00,3.379e-03,2.891e-04,0.000e+00,0.000e+00,4.454e-04,3.807e-06,1.764e+00,6.643e-04
2.472e+05,1.11763e+05,1.05885e+05,0.000e+00,0.000e+00,3.380e-03,2.901e-04,0.000e+00,0.000e+00,4.453e-04,3.802e-06,1.757e+00,6.653e-04
2.478e+05,1.11763e+05,1.05885e+05,0.000e+00,0.000e+00,3.380e-03,2.911e-04,0.000e+00,0.000e+00,4.452e-04,3.798e-06,1.750e+00,6.664e-04
2.484e+05,1.11763e+05,1.05885e+05,0.000e+00,0.000e+00,3.381e-03,2.920e-04,0.000e+00,0.000e+00,4.452e-04,3.793e-06,1.743e+00,6.674e-04
2.490e+05,1.11763e+05,1.05885e+05,0.000e+00,0.000e+00,3.382e-03,2.930e-04,0.000e+00,0.000e+00,4.451e-04,3.789e-06,1.737e+00,6.685e-04
2.496e+05,1.11763e+05,1.05885e+05,0.000e+00,0.000e+00,3.383e-03,2.939e-04,0.000e+00,0.000e+00,4.450e-04,3.785e-06,1.730e+00,6.695e-04
2.502e+05,1.11763e+05,1.05885e+05,0.000e+00,0.000e+00,3.384e-03,2.949e-04,0.000e+00,0.000e+00,4.450e-04,3.780e-06,1.723e+00,6.706e-04
2.508e+05,1.11763e+05,1.05885e+05,0.000e+00,0.000e+00,3.384e-03,2.958e-04,0.000e+00,0.000e+00,4.449e-04,3.776e-06,1.716e+00,6.716e-04
2.514e+05,1.11763e+05,1.05885e+05,0.000e+00,0.000e+00,3.385e-03,2.968e-04,0.000e+00,0.000e+00,4.448e-04,3.772e-06,1.709e+00,6.726e-04
2.520e+05,1.11763e+05,1.05885e+05,0.000e+00,0.000e+00,3.386e-03,2.977e-04,0.000e+00,0.000e+00,4.448e-04,3.768e-06,1.702e+00,6.737e-04
2.526e+05,1.11763e+05,1.05885e+05,0.000e+00,0.000e+00,3.387e-03,2.987e-04,0.000e+00,0.000e+00,4.447e-04,3.763e-06,1.695e+00,6.747e-04
2.532e+05,1.11763e+05,1.05885e+05,0.000e+00,0.000e+00,3.387e-03,2.996e-04,0.000e+00,0.000e+00,4.447e-04,3.759e-06,1.688e+00,6.757e-04
2.538e+05,1.11763e+05,1.05885e+05,0.000e+00,0.000e+00,3.388e-03,3.006e-04,0.000e+00,0.000e+00,4.446e-04,3.755e-06,1.681e+00,6.768e-04
2.544e+05,1.11763e+05,1.05885e+05,0.000e+00,0.000e+00,3.389e-03,3.015e-04,0.000e+00,0.000e+00,4.446e-04,3.751e-06,1.675e+00,6.778e-04
2.550e+05,1.11763e+05,1.05885e+05,0.000e+00,0.000e+00,3.390e-03,3.025e-04,0.000e+00,0.000e+00,4.445e-04,3.747e-06,1.668e+00,6.788e-04
2.556e+05,1.11763e+05,1.05885e+05,0.000e+00,0.000e+00,3.390e-03,3.034e-04,0.000e+00,0.000e+00,4.444e-04,3.742e-06,1.661e+00,6.798e-04
2.562e+05,1.11763e+05,1.05885e+05,0.000e+00,0.000e+00,3.391e-03,3.043e-04,0.000e+00,0.000e+00,4.444e-04,3.738e-06,1.654e+00,6.808e-04
2.568e+05,1.11763e+05,1.05885e+05,0.000e+00,0.000e+00,3.392e-03,3.053e-04,0.000e+00,0.000e+00,4.443e-04,3.734e-06,1.647e+00,6.819e-04
2.574e+05,1.11763e+05,1.05885e+05,0.000e+00,0.000e+00,3.393e-03,3.062e-04,0.000e+00,0.000e+00,4.443e-04,3.730e-06,1.640e+00,6.829e-04
2.580e+05,1.11763e+05,1.05885e+05,0.000e+00,0.000e+00,3.394e-03,3.072e-04,0.000e+00,0.000e+00,4.442e-04,3.726e-06,1.633e+00,6.839e-04
2.586e+05,1.11763e+05,1.05885e+05,0.000e+00,0.000e+00,3.394e-03,3.081e-04,0.000e+00,0.000e+00,4.442e-04,3.722e-06,1.626e+00,6.849e-04
2.592e+05,1.11763e+05,1.05885e+05,0.000e+00,0.000e+00,3.395e-03,3.090e-04,0.000e+00,0.000e+00,4.441e-04,3.718e-06,1.619e+00,6.859e-04
2.598e+05,1.11763e+05,1.05885e+05,0.000e+00,0.000e+00,3.396e-03,3.099e-04,0.000e+00,0.000e+00,4.441e-04,3.714e-06,1.613e+00,6.869e-04
2.604e+05,1.11763e+05,1.05885e+05,0.000e+00,0.000e+00,3.397e-03,3.109e-04,0.000e+00,0.000e+00,4.441e-04,3.710e-06,1.606e+00,6.879e-04
2.610e+05,1.11763e+05,1.05885e+05,0.000e+00,0.000e+00,3.397e-03,3.118e-04,0.000e+00,0.000e+00,4.440e-04,3.706e-06,1.600e+00,6.889e-04
2.616e+05,1.11763e+05,1.05885e+05,0.000e+00,0.000e+00,3.398e-03,3.127e-04,0.000e+00,0.000e+00,4.440e-04,3.702e-06,1.594e+00,6.899e-04
2.622e+05,1.11763e+05,1.05885e+05,0.000e+00,0.000e+00,3.399e-03,3.136e-04,0.000e+00,0.000e+00,4.439e-04,3.698e-06,1.587e+00,6.909e-04
2.628e+05,1.11763e+05,1.05885e+05,0.000e+00,0.000e+00,3.400e-03,3.146e-04,0.000e+00,0.000e+00,4.439e-04,3.695e-06,1.581e+00,6.919e-04
2.634e+05,1.11763e+05,1.05885e+05,0.000e+00,0.000e+00,3.400e-03,3.155e-04,0.000e+00,0.000e+00,4.438e-04,3.691e-06,1.575e+00,6.929e-04
2.640e+05,1.11763e+05,1.05885e+05,0.000e+00,0.000e+00,3.401e-03,3.164e-04,0.000e+00,0.000e+00,4.438e-04,3.687e-06,1.568e+00,6.938e-04
2.646e+05,1.11763e+05,1.05885e+05,0.000e+00,0.000e+00,3.402e-03,3.173e-04,0.000e+00,0.000e+00,4.437e-04,3.683e-06,1.562e+00,6.948e-04
2.652e+05,1.11763e+05,1.05885e+05,0.000e+00,0.000e+00,3.403e-03,3.182e-04,0.000e+00,0.000e+00,4.437e-04,3.679e-06,1.555e+00,6.958e-04
2.658e+05,1.11763e+05,1.05885e+05,0.000e+00,0.000e+00,3.403e-03,3.191e-04,0.000e+00,0.000e+00,4.437e-04,3.675e-06,1.549e+00,6.968e-04
2.664e+05,1.11763e+05,1.05885e+05,0.000e+00,0.000e+00,3.404e-03,3.200e-04,0.000e+00,0.000e+00,4.436e-04,3.672e-06,1.543e+00,6.978e-04
2.670e+05,1.11763e+05,1.05885e+05,0.000e+00,0.000e+00,3.405e-03,3.210e-04,0.000e+00,0.000e+00,4.436e-04,3.668e-06,1.536e+00,6.987e-04
2.676e+05,1.11763e+05,1.05885e+05,0.000e+00,0.000e+00,3.406e-03,3.219e-04,0.000e+00,0.000e+00,4.436e-04,3.664e-06,1.530e+00,6.997e-04
2.682e+05,1.11763e+05,1.05885e+05,0.000e+00,0.000e+00,3.406e-03,3.228e-04,0.000e+00,0.000e+00,4.435e-04,3.660e-06,1.524e+00,7.007e-04
2.688e+05,1.11763e+05,1.05885e+05,0.000e+00,0.000e+00,3.407e-03,3.237e-04,0.000e+00,0.000e+00,4.435e-04,3.657e-06,1.517e+00,7.016e-04
2.694e+05,1.11763e+05,1.05885e+05,0.000e+00,0.000e+00,3.408e-03,3.246e-04,0.000e+00,0.000e+00,4.435e-04,3.653e-06,1.511e+00,7.026e-04
2.700e+05,1.11763e+05,1.05885e+05,0.000e+00,0.000e+00,3.409e-03,3.255e-04,0.000e+00,0.000e+00,4.434e-04,3.649e-06,1.505e+00,7.035e-04
2.706e+05,1.11763e+05,1.05885e+05,0.000e+00,0.000e+00,3.409e-03,3.264e-04,0.000e+00,0.000e+00,4.434e-04,3.646e-06,1.498e+00,7.045e-04
2.712e+05,1.11763e+05,1.05885e+05,0.000e+00,0.000e+00,3.410e-03,3.273e-04,0.000e+00,0.000e+00,4.434e-04,3.642e-06,1.492e+00,7.055e-04
2.718e+05,1.11763e+05,1.05885e+05,0.000e+00,0.000e+00,3.411e-03,3.281e-04,0.000e+00,0.000e+00,4.433e-04,3.638e-06,1.486e+00,7.064e-04
2.724e+05,1.11763e+05,1.05885e+05,0.000e+00,0.000e+00,3.412e-03,3.290e-04,0.000e+00,0.000e+00,4.433e-04,3.635e-06,1.479e+00,7.074e-04
2.730e+05,1.11763e+05,1.05885e+05,0.000e+00,0.000e+00,3.412e-03,3.299e-04,0.000e+00,0.000e+00,4.433e-04,3.631e-06,1.473e+00,7.083e-04
2.736e+05,1.11763e+05,1.05885e+05,0.000e+00,0.000e+00,3.413e-03,3.308e-04,0.000e+00,0.000e+00,4.432e-04,3.628e-06,1.467e+00,7.093e-04
2.742e+05,1.11763e+05,1.05885e+05,0.000e+00,0.000e+00,3.414e-03,3.317e-04,0.000e+00,0.000e+00,4.432e-04,3.624e-06,1.460e+00,7.102e-04
2.748e+05,1.11763e+05,1.05885e+05,0.000e+00,0.000e+00,3.415e-03,3.326e-04,0.000e+00,0.000e+00,4.432e-04,3.621e-06,1.454e+00,7.111e-04
2.754e+05,1.11763e+05,1.05885e+05,0.000e+00,0.000e+00,3.415e-03,3.335e-04,0.000e+00,0.000e+00,4.432e-04,3.617e-06,1.448e+00,7.121e-04
2.760e+05,1.11763e+05,1.05885e+05,0.000e+00,0.000e+00,3.416e-03,3.344e-04,0.000e+00,0.000e+00,4.431e-04,3.614e-06,1.441e+00,7.130e-04
2.766e+05,1.11763e+05,1.05885e+05,0.000e+00,0.000e+00,3.417e-03,3.352e-04,0.000e+00,0.000e+00,4.431e-04,3.610e-06,1.435e+00,7.139e-04
2.772e+05,1.11763e+05,1.05885e+05,0.000e+00,0.000e+00,3.418e-03,3.361e-04,0.000e+00,0.000e+00,4.431e-04,3.607e-06,1.429e+00,7.149e-04
2.778e+05,1.11763e+05,1.05885e+05,0.000e+00,0.000e+00,3.418e-03,3.370e-04,0.000e+00,0.000e+00,4.431e-04,3.603e-06,1.422e+00,7.158e-04
2.784e+05,1.11763e+05,1.05885e+05,0.000e+00,0.000e+00,3.419e-03,3.379e-04,0.000e+00,0.000e+00,4.431e-04,3.600e-06,1.416e+00,7.167e-04
2.790e+05,1.11763e+05,1.05885e+05,0.000e+00,0.000e+00,3.420e-03,3.387e-04,0.000e+00,0.000e+00,4.430e-04,3.596e-06,1.410e+00,7.176e-04
2.796e+05,1.11763e+05,1.05885e+05,0.000e+00,0.000e+00,3.421e-03,3.396e-04,0.000e+00,0.000e+00,4.430e-04,3.593e-06,1.403e+00,7.186e-04
2.802e+05,1.11763e+05,1.05885e+05,0.000e+00,0.000e+00,3.421e-03,3.405e-04,0.000e+00,0.000e+00,4.430e-04,3.590e-06,1.397e+00,7.195e-04
2.808e+05,1.11763e+05,1.05885e+05,0.000e+00,0.000e+00,3.422e-03,3.413e-04,0.000e+00,0.000e+00,4.430e-04,3.586e-06,1.391e+00,7.204e-04
2.814e+05,1.11763e+05,1.05885e+05,0.000e+00,0.000e+00,3.423e-03,3.422e-04,0.000e+00,0.000e+00,4.430e-04,3.583e-06,1.384e+00,7.213e-04
2.820e+05,1.11763e+05,1.05885e+05,0.000e+00,0.000e+00,3.424e-03,3.431e-04,0.000e+00,0.000e+00,4.429e-04,3.580e-06,1.378e+00,7.222e-04
2.826e+05,1.11763e+05,1.05885e+05,0.000e+00,0.000e+00,3.424e-03,3.439e-04,0.000e+00,0.000e+00,4.429e-04,3.576e-06,1.372e+00,7.231e-04
2.832e+05,1.11763e+05,1.05885e+05,0.000e+00,0.000e+00,3.425e-03,3.448e-04,0.000e+00,0.000e+00,4.429e-04,3.573e-06,1.365e+00,7.240e-04
2.838e+05,1.11763e+05,1.05885e+05,0.000e+00,0.000e+00,3.426e-03,3.457e-04,0.000e+00,0.000e+00,4.429e-04,3.570e-06,1.359e+00,7.250e-04
2.844e+05,1.11763e+05,1.05885e+05,0.000e+00,0.000e+00,3.427e-03,3.465e-04,0.000e+00,0.000e+00,4.429e-04,3.566e-06,1.353e+00,7.259e-04
2.850e+05,1.11763e+05,1.05885e+05,0.000e+00,0.000e+00,3.427e-03,3.474e-04,0.000e+00,0.000e+00,4.429e-04,3.563e-06,1.346e+00,7.268e-04
2.856e+05,1.11763e+05,1.05885e+05,0.000e+00,0.000e+00,3.428e-03,3.482e-04,0.000e+00,0.000e+00,4.429e-04,3.560e-06,1.340e+00,7.277e-04
2.862e+05,1.11763e+05,1.05885e+05,0.000e+00,0.000e+00,3.429e-03,3.491e-04,0.000e+00,0.000e+00,4.428e-04,3.557e-06,1.334e+00,7.285e-04
2.868e+05,1.11763e+05,1.05885e+05,0.000e+00,0.000e+00,3.430e-03,3.499e-04,0.000e+00,0.000e+00,4.428e-04,3.554e-06,1.327e+00,7.294e-04
2.874e+05,1.11763e+05,1.05885e+05,0.000e+00,0.000e+00,3.430e-03,3.508e-04,0.000e+00,0.000e+00,4.428e-04,3.550e-06,1.321e+00,7.303e-04
2.880e+05,1.11763e+05,1.05885e+05,0.000e+00,0.000e+00,3.431e-03,3.516e-04,0.000e+00,0.000e+00,4.428e-04,3.547e-06,1.315e+00,7.312e-04
2.886e+05,1.11763e+05,1.05885e+05,0.000e+00,0.000e+00,3.432e-03,3.525e-04,0.000e+00,0.000e+00,4.428e-04,3.544e-06,1.308e+00,7.321e-04
2.892e+05,1.11763e+05,1.05885e+05,0.000e+00,0.000e+00,3.433e-03,3.533e-04,0.000e+00,0.000e+00,4.428e-04,3.541e-06,1.302e+00,7.330e-04
2.898e+05,1.11763e+05,1.05885e+05,0.000e+00,0.000e+00,3.433e-03,3.541e-04,0.000e+00,0.000e+00,4.428e-04,3.538e-06,1.296e+00,7.338e-04
2.904e+05,1.11763e+05,1.05885e+05,0.000e+00,0.000e+00,3.434e-03,3.550e-04,0.000e+00,0.000e+00,4.428e-04,3.535e-06,1.289e+00,7.347e-04
2.910e+05,1.11763e+05,1.05885e+05,0.000e+00,0.000e+00,3.435e-03,3.558e-04,0.000e+00,0.000e+00,4.428e-04,3.532e-06,1.283e+00,7.356e-04
2.916e+05,1.11763e+05,1.05885e+05,0.000e+00,0.000e+00,3.435e-03,3.566e-04,0.000e+00,0.000e+00,4.428e-04,3.529e-06,1.277e+00,7.364e-04
2.922e+05,1.11763e+05,1.05885e+05,0.000e+00,0.000e+00,3.436e-03,3.575e-04,0.000e+00,0.000e+00,4.428e-04,3.526e-06,1.270e+00,7.373e-04
2.928e+05,1.11763e+05,1.05885e+05,0.000e+00,0.000e+00,3.437e-03,3.583e-04,0.000e+00,0.000e+00,4.428e-04,3.523e-06,1.264e+00,7.382e-04
2.934e+05,1.11763e+05,1.05885e+05,0.000e+00,0.000e+00,3.438e-03,3.591e-04,0.000e+00,0.000e+00,4.428e-04,3.520e-06,1.258e+00,7.390e-04
2.940e+05,1.11763e+05,1.05885e+05,0.000e+00,0.000e+00,3.438e-03,3.599e-04,0.000e+00,0.000e+00,4.428e-04,3.517e-06,1.251e+00,7.399e-04
2.946e+05,1.11763e+05,1.05885e+05,0.000e+00,0.000e+00,3.439e-03,3.608e-04,0.000e+00,0.000e+00,4.428e-04,3.514e-06,1.245e+00,7.407e-04
2.952e+05,1.11763e+05,1.05885e+05,0.000e+00,0.000e+00,3.440e-03,3.616e-04,0.000e+00,0.000e+00,4.428e-04,3.511e-06,1.239e+00,7.416e-04
2.958e+05,1.11763e+05,1.05885e+05,0.000e+00,0.000e+00,3.441e-03,3.624e-04,0.000e+00,0.000e+00,4.428e-04,3.508e-06,1.232e+00,7.424e-04
2.964e+05,1.11763e+05,1.05885e+05,0.000e+00,0.000e+00,3.441e-03,3.632e-04,0.000e+00,0.000e+00,4.428e-04,3.505e-06,1.226e+00,7.433e-04
2.970e+05,1.11763e+05,1.05885e+05,0.000e+00,0.000e+00,3.442e-03,3.641e-04,0.000e+00,0.000e+00,4.428e-04,3.502e-06,1.220e+00,7.441e-04
2.976e+05,1.11763e+05,1.05885e+05,0.000e+00,0.000e+00,3.443e-03,3.649e-04,0.000e+00,0.000e+00,4.428e-04,3.499e-06,1.213e+00,7.450e-04
2.982e+05,1.11763e+05,1.05885e+05,0.000e+00,0.000e+00,3.444e-03,3.657e-04,0.000e+00,0.000e+00,4.428e-04,3.496e-06,1.207e+00,7.458e-04
2.988e+05,1.11763e+05,1.05885e+05,0.000e+00,0.000e+00,3.444e-03,3.665e-04,0.000e+00,0.000e+00,4.428e-04,3.494e-06,1.201e+00,7.467e-04
2.994e+05,1.11763e+05,1.05885e+05,0.000e+00,0.000e+00,3.445e-03,3.673e-04,0.000e+00,0.000e+00,4.428e-04,3.491e-06,1.194e+00,7.475e-04
3.000e+05,1.11763e+05,1.05885e+05,0.000e+00,0.000e+00,3.446e-03,3.681e-04,0.000e+00,0.000e+00,4.428e-04,3.488e-06,1.188e+00,7.484e-04
3.006e+05,1.11763e+05,1.05885e+05,0.000e+00,0.000e+00,3.446e-03,3.689e-04,0.000e+00,0.000e+00,4.428e-04,3.485e-06,1.182e+00,7.492e-04
3.012e+05,1.11763e+05,1.05885e+05,0.000e+00,0.000e+00,3.447e-03,3.697e-04,0.000e+00,0.000e+00,4.428e-04,3.483e-06,1.175e+00,7.500e-04
3.018e+05,1.11763e+05,1.05885e+05,0.000e+00,0.000e+00,3.448e-03,3.705e-04,0.000e+00,0.000e+00,4.428e-04,3.480e-06,1.169e+00,7.509e-04
3.024e+05,1.11763e+05,1.05885e+05,0.000e+00,0.000e+00,3.449e-03,3.713e-04,0.000e+00,0.000e+00,4.429e-04,3.477e-06,1.163e+00,7.517e-04
3.030e+05,1.11763e+05,1.05885e+05,0.000e+00,0.000e+00,3.449e-03,3.721e-04,0.000e+00,0.000e+00,4.429e-04,3.474e-06,1.156e+00,7.525e-04
3.036e+05,1.11763e+05,1.05885e+05,0.000e+00,0.000e+00,3.450e-03,3.729e-04,0.000e+00,0.000e+00,4.429e-04,3.472e-06,1.150e+00,7.533e-04
3.042e+05,1.11763e+05,1.05885e+05,0.000e+00,0.000e+00,3.451e-03,3.737e-04,0.000e+00,0.000e+00,4.429e-04,3.469e-06,1.144e+00,7.541e-04
3.048e+05,1.11763e+05,1.05885e+05,0.000e+00,0.000e+00,3.452e-03,3.745e-04,0.000e+00,0.000e+00,4.429e-04,3.466e-06,1.137e+00,7.550e-04
3.054e+05,1.11763e+05,1.05885e+05,0.000e+00,0.000e+00,3.452e-03,3.753e-04,0.000e+00,0.000e+00,4.429e-04,3.464e-06,1.131e+00,7.558e-04
3.060e+05,1.11763e+05,1.05885e+05,0.000e+00,0.000e+00,3.453e-03,3.761e-04,0.000e+00,0.000e+00,4.430e-04,3.461e-06,1.125e+00,7.566e-04
3.066e+05,1.11763e+05,1.05885e+05,0.000e+00,0.000e+00,3.454e-03,3.768e-04,0.000e+00,0.000e+00,4.430e-04,3.459e-06,1.118e+00,7.574e-04
3.072e+05,1.11763e+05,1.05885e+05,0.000e+00,0.000e+00,3.455e-03,3.776e-04,0.000e+00,0.000e+00,4.430e-04,3.456e-06,1.112e+00,7.582e-04
3.078e+05,1.11763e+05,1.05885e+05,0.000e+00,0.000e+00,3.455e-03,3.784e-04,0.000e+00,0.000e+00,4.430e-04,3.454e-06,1.106e+00,7.590e-04
3.084e+05,1.11763e+05,1.05885e+05,0.000e+00,0.000e+00,3.456e-03,3.792e-04,0.000e+00,0.000e+00,4.430e-04,3.451e-06,1.099e+00,7.598e-04
3.090e+05,1.11763e+05,1.05885e+05,0.000e+00,0.000e+00,3.457e-03,3.800e-04,0.000e+00,0.000e+00,4.430e-04,3.449e-06,1.093e+00,7.606e-04
3.096e+05,1.11763e+05,1.05885e+05,0.000e+00,0.000e+00,3.457e-03,3.807e-04,0.000e+00,0.000e+00,4.431e-04,3.446e-06,1.087e+00,7.614e-04
3.102e+05,1.11763e+05,1.05885e+05,0.000e+00,0.000e+00,3.458e-03,3.815e-04,0.000e+00,0.000e+00,4.431e-04,3.444e-06,1.080e+00,7.622e-04
3.108e+05,1.11763e+05,1.05885e+05,0.000e+00,0.000e+00,3.459e-03,3.823e-04,0.000e+00,0.000e+00,4.431e-04,3.441e-06,1.074e+00,7.630e-04
3.114e+05,1.11763e+05,1.05885e+05,0.000e+00,0.000e+00,3.460e-03,3.830e-04,0.000e+00,0.000e+00,4.431e-04,3.439e-06,1.067e+00,7.638e-04
3.120e+05,1.11763e+05,1.05885e+05,0.000e+00,0.000e+00,3.460e-03,3.838e-04,0.000e+00,0.000e+00,4.432e-04,3.436e-06,1.061e+00,7.645e-04
3.126e+05,1.11763e+05,1.05885e+05,0.000e+00,0.000e+00,3.461e-03,3.846e-04,0.000e+00,0.000e+00,4.432e-04,3.434e-06,1.055e+00,7.653e-04
3.132e+05,1.11763e+05,1.05885e+05,0.000e+00,0.000e+00,3.462e-03,3.853e-04,0.000e+00,0.000e+00,4.432e-04,3.431e-06,1.048e+00,7.661e-04
3.138e+05,1.11763e+05,1.05885e+05,0.000e+00,0.000e+00,3.463e-03,3.861e-04,0.000e+00,0.000e+00,4.433e-04,3.429e-06,1.042e+00,7.669e-04
3.144e+05,1.11763e+05,1.05885e+05,0.000e+00,0.000e+00,3.463e-03,3.868e-04,0.000e+00,0.000e+00,4.433e-04,3.427e-06,1.036e+00,7.676e-04
3.150e+05,1.11763e+05,1.05885e+05,0.000e+00,0.000e+00,3.464e-03,3.876e-04,0.000e+00,0.000e+00,4.433e-04,3.424e-06,1.029e+00,7.684e-04
3.156e+05,1.11763e+05,1.05885e+05,0.000e+00,0.000e+00,3.465e-03,3.883e-04,0.000e+00,0.000e+00,4.433e-04,3.422e-06,1.023e+00,7.692e-04
3.162e+05,1.11763e+05,1.05885e+05,0.000e+00,0.000e+00,3.465e-03,3.891e-04,0.000e+00,0.000e+00,4.434e-04,3.420e-06,1.017e+00,7.699e-04
3.168e+05,1.11763e+05,1.05885e+05,0.000e+00,0.000e+00,3.466e-03,3.898e-04,0.000e+00,0.000e+00,4.434e-04,3.418e-06,1.010e+00,7.707e-04
3.174e+05,1.11763e+05,1.05885e+05,0.000e+00,0.000e+00,3.467e-03,3.906e-04,0.000e+00,0.000e+00,4.434e-04,3.415e-06,1.004e+00,7.714e-04
3.180e+05,1.11763e+05,1.05885e+05,0.000e+00,0.000e+00,3.468e-03,3.913e-04,0.000e+00,0.000e+00,4.435e-04,3.413e-06,9.978e-01,7.722e-04
3.186e+05,1.11763e+05,1.05885e+05,0.000e+00,0.000e+00,3.468e-03,3.921e-04,0.000e+00,0.000e+00,4.435e-04,3.411e-06,9.914e-01,7.730e-04
3.192e+05,1.11763e+05,1.05885e+05,0.000e+00,0.000e+00,3.469e-03,3.928e-04,0.000e+00,0.000e+00,4.436e-04,3.409e-06,9.851e-01,7.737e-04
3.198e+05,1.11763e+05,1.05885e+05,0.000e+00,0.000e+00,3.470e-03,3.935e-04,0.000e+00,0.000e+00,4.436e-04,3.406e-06,9.788e-01,7.745e-04
3.204e+05,1.11763e+05,1.05885e+05,0.000e+00,0.000e+00,3.471e-03,3.943e-04,0.000e+00,0.000e+00,4.436e-04,3.404e-06,9.724e-01,7.752e-04
3.210e+05,1.11763e+05,1.05885e+05,0.000e+00,0.000e+00,3.471e-03,3.950e-04,0.000e+00,0.000e+00,4.437e-04,3.402e-06,9.661e-01,7.759e-04
3.216e+05,1.11763e+05,1.05885e+05,0.000e+00,0.000e+00,3.472e-03,3.957e-04,0.000e+00,0.000e+00,4.437e-04,3.400e-06,9.598e-01,7.767e-04
3.222e+05,1.11763e+05,1.05885e+05,0.000e+00,0.000e+00,3.473e-03,3.965e-04,0.000e+00,0.000e+00,4.437e-04,3.398e-06,9.534e-01,7.774e-04
3.228e+05,1.11763e+05,1.05885e+05,0.000e+00,0.000e+00,3.473e-03,3.972e-04,0.000e+00,0.000e+00,4.438e-04,3.396e-06,9.471e-01,7.781e-04
3.234e+05,1.11763e+05,1.05885e+05,0.000e+00,0.000e+00,3.474e-03,3.979e-04,0.000e+00,0.000e+00,4.438e-04,3.393e-06,9.407e-01,7.789e-04
3.240e+05,1.11763e+05,1.05885e+05,0.000e+00,0.000e+00,3.475e-03,3.986e-04,0.000e+00,0.000e+00,4.439e-04,3.391e-06,9.344e-01,7.796e-04
3.246e+05,1.11763e+05,1.05885e+05,0.000e+00,0.000e+00,3.476e-03,3.993e-04,0.000e+00,0.000e+00,4.439e-04,3.389e-06,9.281e-01,7.803e-04
3.252e+05,1.11763e+05,1.05885e+05,0.000e+00,0.000e+00,3.476e-03,4.001e-04,0.000e+00,0.000e+00,4.440e-04,3.387e-06,9.217e-01,7.811e-04
3.258e+05,1.11763e+05,1.05885e+05,0.000e+00,0.000e+00,3.477e-03,4.008e-04,0.000e+00,0.000e+00,4.440e-04,3.385e-06,9.154e-01,7.818e-04
3.264e+05,1.11763e+05,1.05885e+05,0.000e+00,0.000e+00,3.478e-03,4.015e-04,0.000e+00,0.000e+00,4.441e-04,3.383e-06,9.091e-01,7.825e-04
3.270e+05,1.11763e+05,1.05885e+05,0.000e+00,0.000e+00,3.478e-03,4.022e-04,0.000e+00,0.000e+00,4.441e-04,3.381e-06,9.027e-01,7.832e-04
3.276e+05,1.11763e+05,1.05885e+05,0.000e+00,0.000e+00,3.479e-03,4.029e-04,0.000e+00,0.000e+00,4.442e-04,3.379e-06,8.964e-01,7.839e-04
3.282e+05,1.11763e+05,1.05885e+05,0.000e+00,0.000e+00,3.480e-03,4.036e-04,0.000e+00,0.000e+00,4.442e-04,3.377e-06,8.900e-01,7.846e-04
3.288e+05,1.11763e+05,1.05885e+05,0.000e+00,0.000e+00,3.481e-03,4.043e-04,0.000e+00,0.000e+00,4.443e-04,3.375e-06,8.837e-01,7.853e-04
3.294e+05,1.11763e+05,1.05885e+05,0.000e+00,0.000e+00,3.481e-03,4.050e-04,0.000e+00,0.000e+00,4.443e-04,3.373e-06,8.774e-01,7.860e-04
3.300e+05,1.11763e+05,1.05885e+05,0.000e+00,0.000e+00,3.482e-03,4.057e-04,0.000e+00,0.000e+00,4.444e-04,3.371e-06,8.710e-01,7.867e-04
3.306e+05,1.11763e+05,1.05885e+05,0.000e+00,0.000e+00,3.483e-03,4.064e-04,0.000e+00,0.000e+00,4.444e-04,3.370e-06,8.647e-01,7.874e-04
3.312e+05,1.11763e+05,1.05885e+05,0.000e+00,0.000e+00,3.483e-03,4.071e-04,0.000e+00,0.000e+00,4.445e-04,3.368e-06,8.584e-01,7.881e-04
3.318e+05,1.11763e+05,1.05885e+05,0.000e+00,0.000e+00,3.484e-03,4.078e-04,0.000e+00,0.000e+00,4.445e-04,3.366e-06,8.520e-01,7.888e-04
3.324e+05,1.11763e+05,1.05885e+05,0.000e+00,0.000e+00,3.485e-03,4.085e-04,0.000e+00,0.000e+00,4.446e-04,3.364e-06,8.457e-01,7.895e-04
3.330e+05,1.11763e+05,1.05885e+05,0.000e+00,0.000e+00,3.486e-03,4.092e-04,0.000e+00,0.000e+00,4.446e-04,3.362e-06,8.393e-01,7.902e-04
3.336e+05,1.11763e+05,1.05885e+05,0.000e+00,0.000e+00,3.486e-03,4.098e-04,0.000e+00,0.000e+00,4.447e-04,3.360e-06,8.330e-01,7.909e-04
3.342e+05,1.11763e+05,1.05885e+05,0.000e+00,0.000e+00,3.487e-03,4.105e-04,0.000e+00,0.000e+00,4.447e-04,3.359e-06,8.267e-01,7.916e-04
3.348e+05,1.11763e+05,1.05885e+05,0.000e+00,0.000e+00,3.488e-03,4.112e-04,0.000e+00,0.000e+00,4.448e-04,3.357e-06,8.203e-01,7.922e-04
3.354e+05,1.11763e+05,1.05885e+05,0.000e+00,0.000e+00,3.488e-03,4.119e-04,0.000e+00,0.000e+00,4.449e-04,3.355e-06,8.140e-01,7.929e-04
3.360e+05,1.11763e+05,1.05885e+05,0.000e+00,0.000e+00,3.489e-03,4.125e-04,0.000e+00,0.000e+00,4.449e-04,3.353e-06,8.077e-01,7.936e-04
3.366e+05,1.11763e+05,1.05885e+05,0.000e+00,0.000e+00,3.490e-03,4.132e-04,0.000e+00,0.000e+00,4.450e-04,3.352e-06,8.013e-01,7.943e-04
3.372e+05,1.11763e+05,1.05885e+05,0.000e+00,0.000e+00,3.491e-03,4.139e-04,0.000e+00,0.000e+00,4.450e-04,3.350e-06,7.950e-01,7.949e-04
3.378e+05,1.11763e+05,1.05885e+05,0.000e+00,0.000e+00,3.491e-03,4.146e-04,0.000e+00,0.000e+00,4.451e-04,3.348e-06,7.886e-01,7.956e-04
3.384e+05,1.11763e+05,1.05885e+05,0.000e+00,0.000e+00,3.492e-03,4.152e-04,0.000e+00,0.000e+00,4.452e-04,3.346e-06,7.823e-01,7.963e-04
3.390e+05,1.11763e+05,1.05885e+05,0.000e+00,0.000e+00,3.493e-03,4.159e-04,0.000e+00,0.000e+00,4.452e-04,3.345e-06,7.760e-01,7.969e-04
3.396e+05,1.11763e+05,1.05885e+05,0.000e+00,0.000e+00,3.493e-03,4.166e-04,0.000e+00,0.000e+00,4.453e-04,3.343e-06,7.696e-01,7.976e-04
3.402e+05,1.11763e+05,1.05885e+05,0.000e+00,0.000e+00,3.494e-03,4.172e-04,0.000e+00,0.000e+00,4.454e-04,3.342e-06,7.633e-01,7.982e-04
3.408e+05,1.11763e+05,1.05885e+05,0.000e+00,0.000e+00,3.495e-03,4.179e-04,0.000e+00,0.000e+00,4.454e-04,3.340e-06,7.570e-01,7.989e-04
3.414e+05,1.11763e+05,1.05885e+05,0.000e+00,0.000e+00,3.496e-03,4.185e-04,0.000e+00,0.000e+00,4.455e-04,3.338e-06,7.506e-01,7.996e-04
3.420e+05,1.11763e+05,1.05885e+05,0.000e+00,0.000e+00,3.496e-03,4.192e-04,0.000e+00,0.000e+00,4.456e-04,3.337e-06,7.443e-01,8.002e-04
3.426e+05,1.11763e+05,1.05885e+05,0.000e+00,0.000e+00,3.497e-03,4.199e-04,0.000e+00,0.000e+00,4.456e-04,3.335e-06,7.379e-01,8.009e-04
3.432e+05,1.11763e+05,1.05885e+05,0.000e+00,0.000e+00,3.498e-03,4.205e-04,0.000e+00,0.000e+00,4.457e-04,3.334e-06,7.316e-01,8.015e-04
3.438e+05,1.11763e+05,1.05885e+05,0.000e+00,0.000e+00,3.498e-03,4.212e-04,0.000e+00,0.000e+00,4.458e-04,3.332e-06,7.253e-01,8.022e-04
3.444e+05,1.11763e+05,1.05885e+05,0.000e+00,0.000e+00,3.499e-03,4.218e-04,0.000e+00,0.000e+00,4.458e-04,3.330e-06,7.189e-01,8.028e-04
3.450e+05,1.11763e+05,1.05885e+05,0.000e+00,0.000e+00,3.500e-03,4.225e-04,0.000e+00,0.000e+00,4.459e-04,3.329e-06,7.126e-01,8.034e-04
3.456e+05,1.11763e+05,1.05885e+05,0.000e+00,0.000e+00,3.501e-03,4.231e-04,0.000e+00,0.000e+00,4.460e-04,3.327e-06,7.063e-01,8.041e-04
3.462e+05,1.11763e+05,1.05885e+05,0.000e+00,0.000e+00,3.501e-03,4.238e-04,0.000e+00,0.000e+00,4.461e-04,3.326e-06,6.999e-01,8.047e-04
3.468e+05,1.11763e+05,1.05885e+05,0.000e+00,0.000e+00,3.502e-03,4.244e-04,0.000e+00,0.000e+00,4.461e-04,3.324e-06,6.980e-01,8.054e-04
3.474e+05,1.11763e+05,1.05885e+05,0.000e+00,0.000e+00,3.503e-03,4.250e-04,0.000e+00,0.000e+00,4.462e-04,3.323e-06,6.961e-01,8.060e-04
3.480e+05,1.11763e+05,1.05885e+05,0.000e+00,0.000e+00,3.503e-03,4.257e-04,0.000e+00,0.000e+00,4.463e-04,3.322e-06,6.942e-01,8.066e-04
3.486e+05,1.11763e+05,1.05885e+05,0.000e+00,0.000e+00,3.504e-03,4.263e-04,0.000e+00,0.000e+00,4.464e-04,3.320e-06,6.923e-01,8.073e-04
3.492e+05,1.11763e+05,1.05885e+05,0.000e+00,0.000e+00,3.505e-03,4.270e-04,0.000e+00,0.000e+00,4.464e-04,3.319e-06,6.904e-01,8.079e-04
3.498e+05,1.11763e+05,1.05885e+05,0.000e+00,0.000e+00,3.505e-03,4.276e-04,0.000e+00,0.000e+00,4.465e-04,3.317e-06,6.885e-01,8.085e-04
3.504e+05,1.11763e+05,1.05885e+05,0.000e+00,0.000e+00,3.506e-03,4.282e-04,0.000e+00,0.000e+00,4.466e-04,3.316e-06,6.866e-01,8.091e-04
3.510e+05,1.11763e+05,1.05885e+05,0.000e+00,0.000e+00,3.507e-03,4.288e-04,0.000e+00,0.000e+00,4.467e-04,3.315e-06,6.847e-01,8.097e-04
3.516e+05,1.11763e+05,1.05885e+05,0.000e+00,0.000e+00,3.508e-03,4.295e-04,0.000e+00,0.000e+00,4.467e-04,3.313e-06,6.827e-01,8.104e-04
3.522e+05,1.11763e+05,1.05885e+05,0.000e+00,0.000e+00,3.508e-03,4.301e-04,0.000e+00,0.000e+00,4.468e-04,3.312e-06,6.808e-01,8.110e-04
3.528e+05,1.11763e+05,1.05885e+05,0.000e+00,0.000e+00,3.509e-03,4.307e-04,0.000e+00,0.000e+00,4.469e-04,3.311e-06,6.789e-01,8.116e-04
3.534e+05,1.11763e+05,1.05885e+05,0.000e+00,0.000e+00,3.510e-03,4.313e-04,0.000e+00,0.000e+00,4.470e-04,3.309e-06,6.770e-01,8.122e-04
3.540e+05,1.11763e+05,1.05885e+05,0.000e+00,0.000e+00,3.510e-03,4.319e-04,0.000e+00,0.000e+00,4.471e-04,3.308e-06,6.751e-01,8.128e-04
3.546e+05,1.11763e+05,1.05885e+05,0.000e+00,0.000e+00,3.511e-03,4.326e-04,0.000e+00,0.000e+00,4.471e-04,3.307e-06,6.732e-01,8.134e-04
3.552e+05,1.11763e+05,1.05885e+05,0.000e+00,0.000e+00,3.512e-03,4.332e-04,0.000e+00,0.000e+00,4.472e-04,3.306e-06,6.713e-01,8.140e-04
3.558e+05,1.11763e+05,1.05885e+05,0.000e+00,0.000e+00,3.512e-03,4.338e-04,0.000e+00,0.000e+00,4.473e-04,3.304e-06,6.694e-01,8.146e-04
3.564e+05,1.11763e+05,1.05885e+05,0.000e+00,0.000e+00,3.513e-03,4.344e-04,0.000e+00,0.000e+00,4.474e-04,3.303e-06,6.675e-01,8.152e-04
3.570e+05,1.11763e+05,1.05885e+05,0.000e+00,0.000e+00,3.514e-03,4.350e-04,0.000e+00,0.000e+00,4.475e-04,3.302e-06,6.656e-01,8.158e-04
3.576e+05,1.11763e+05,1.05885e+05,0.000e+00,0.000e+00,3.515e-03,4.356e-04,0.000e+00,0.000e+00,4.476e-04,3.301e-06,6.637e-01,8.164e-04
3.582e+05,1.11763e+05,1.05885e+05,0.000e+00,0.000e+00,3.515e-03,4.362e-04,0.000e+00,0.000e+00,4.476e-04,3.300e-06,6.618e-01,8.170e-04
3.588e+05,1.11763e+05,1.05885e+05,0.000e+00,0.000e+00,3.516e-03,4.368e-04,0.000e+00,0.000e+00,4.477e-04,3.299e-06,6.598e-01,8.176e-04
3.594e+05,1.11763e+05,1.05885e+05,0.000e+00,0.000e+00,3.517e-03,4.374e-04,0.000e+00,0.000e+00,4.478e-04,3.297e-06,6.579e-01,8.182e-04
3.600e+05,1.11763e+05,1.05885e+05,0.000e+00,0.000e+00,3.517e-03,4.380e-04,0.000e+00,0.000e+00,4.479e-04,3.296e-06,6.560e-01,8.187e-04
3.606e+05,1.11763e+05,1.05885e+05,0.000e+00,0.000e+00,3.518e-03,4.386e-04,0.000e+00,0.000e+00,4.480e-04,3.295e-06,6.541e-01,8.193e-04
3.612e+05,1.11763e+05,1.05885e+05,0.000e+00,0.000e+00,3.519e-03,4.392e-04,0.000e+00,0.000e+00,4.481e-04,3.294e-06,6.522e-01,8.199e-04
3.618e+05,1.11763e+05,1.05885e+05,0.000e+00,0.000e+00,3.519e-03,4.398e-04,0.000e+00,0.000e+00,4.482e-04,3.293e-06,6.503e-01,8.205e-04
3.624e+05,1.11763e+05,1.05885e+05,0.000e+00,0.000e+00,3.520e-03,4.404e-04,0.000e+00,0.000e+00,4.483e-04,3.292e-06,6.484e-01,8.211e-04
3.630e+05,1.11763e+05,1.05885e+05,0.000e+00,0.000e+00,3.521e-03,4.410e-04,0.000e+00,0.000e+00,4.484e-04,3.291e-06,6.465e-01,8.216e-04
3.636e+05,1.11763e+05,1.05885e+05,0.000e+00,0.000e+00,3.522e-03,4.415e-04,0.000e+00,0.000e+00,4.485e-04,3.290e-06,6.446e-01,8.222e-04
3.642e+05,1.11763e+05,1.05885e+05,0.000e+00,0.000e+00,3.522e-03,4.421e-04,0.000e+00,0.000e+00,4.485e-04,3.289e-06,6.427e-01,8.228e-04
3.648e+05,1.11763e+05,1.05885e+05,0.000e+00,0.000e+00,3.523e-03,4.427e-04,0.000e+00,0.000e+00,4.486e-04,3.288e-06,6.408e-01,8.233e-04
3.654e+05,1.11763e+05,1.05885e+05,0.000e+00,0.000e+00,3.524e-03,4.433e-04,0.000e+00,0.000e+00,4.487e-04,3.287e-06,6.389e-01,8.239e-04
3.660e+05,1.11763e+05,1.05885e+05,0.000e+00,0.000e+00,3.524e-03,4.439e-04,0.000e+00,0.000e+00,4.488e-04,3.286e-06,6.369e-01,8.245e-04
3.666e+05,1.11763e+05,1.05885e+05,0.000e+00,0.000e+00,3.525e-03,4.444e-04,0.000e+00,0.000e+00,4.489e-04,3.285e-06,6.350e-01,8.250e-04
3.672e+05,1.11763e+05,1.05885e+05,0.000e+00,0.000e+00,3.526e-03,4.450e-04,0.000e+00,0.000e+00,4.490e-04,3.284e-06,6.331e-01,8.256e-04
3.678e+05,1.11763e+05,1.05885e+05,0.000e+00,0.000e+00,3.526e-03,4.456e-04,0.000e+00,0.000e+00,4.491e-04,3.284e-06,6.312e-01,8.261e-04
3.684e+05,1.11763e+05,1.05885e+05,0.000e+00,0.000e+00,3.527e-03,4.462e-04,0.000e+00,0.000e+00,4.492e-04,3.283e-06,6.293e-01,8.267e-04
3.690e+05,1.11763e+05,1.05885e+05,0.000e+00,0.000e+00,3.528e-03,4.467e-04,0.000e+00,0.000e+00,4.493e-04,3.282e-06,6.274e-01,8.272e-04
3.696e+05,1.11763e+05,1.05885e+05,0.000e+00,0.000e+00,3.528e-03,4.473e-04,0.000e+00,0.000e+00,4.494e-04,3.281e-06,6.255e-01,8.278e-04
3.702e+05,1.11763e+05,1.05885e+05,0.000e+00,0.000e+00,3.529e-03,4.479e-04,0.000e+00,0.000e+00,4.495e-04,3.280e-06,6.236e-01,8.284e-04
3.708e+05,1.11763e+05,1.05885e+05,0.000e+00,0.000e+00,3.530e-03,4.484e-04,0.000e+00,0.000e+00,4.496e-04,3.279e-06,6.217e-01,8.289e-04
3.714e+05,1.11763e+05,1.05885e+05,0.000e+00,0.000e+00,3.530e-03,4.490e-04,0.000e+00,0.000e+00,4.497e-04,3.279e-06,6.198e-01,8.294e-04
3.720e+05,1.11763e+05,1.05885e+05,0.000e+00,0.000e+00,3.531e-03,4.495e-04,0.000e+00,0.000e+00,4.498e-04,3.278e-06,6.179e-01,8.300e-04
3.726e+05,1.11763e+05,1.05885e+05,0.000e+00,0.000e+00,3.532e-03,4.501e-04,0.000e+00,0.000e+00,4.499e-04,3.277e-06,6.160e-01,8.305e-04
3.732e+05,1.11763e+05,1.05885e+05,0.000e+00,0.000e+00,3.532e-03,4.506e-04,0.000e+00,0.000e+00,4.500e-04,3.277e-06,6.140e-01,8.310e-04
3.738e+05,1.11763e+05,1.05885e+05,0.000e+00,0.000e+00,3.533e-03,4.512e-04,0.000e+00,0.000e+00,4.501e-04,3.276e-06,6.121e-01,8.316e-04
3.744e+05,1.11763e+05,1.05885e+05,0.000e+00,0.000e+00,3.534e-03,4.517e-04,0.000e+00,0.000e+00,4.502e-04,3.275e-06,6.102e-01,8.321e-04
3.750e+05,1.11763e+05,1.05885e+05,0.000e+00,0.000e+00,3.535e-03,4.523e-04,0.000e+00,0.000e+00,4.503e-04,3.274e-06,6.083e-01,8.327e-04
3.756e+05,1.11763e+05,1.05885e+05,0.000e+00,0.000e+00,3.535e-03,4.528e-04,0.000e+00,0.000e+00,4.504e-04,3.274e-06,6.064e-01,8.332e-04
3.762e+05,1.11763e+05,1.05885e+05,0.000e+00,0.000e+00,3.536e-03,4.534e-04,0.000e+00,0.000e+00,4.505e-04,3.273e-06,6.045e-01,8.337e-04
3.768e+05,1.11763e+05,1.05885e+05,0.000e+00,0.000e+00,3.537e-03,4.539e-04,0.000e+00,0.000e+00,4.506e-04,3.273e-06,6.026e-01,8.342e-04
3.774e+05,1.11763e+05,1.05885e+05,0.000e+00,0.000e+00,3.537e-03,4.545e-04,0.000e+00,0.000e+00,4.508e-04,3.272e-06,6.007e-01,8.347e-04
3.780e+05,1.11763e+05,1.05885e+05,0.000e+00,0.000e+00,3.538e-03,4.550e-04,0.000e+00,0.000e+00,4.509e-04,3.271e-06,5.988e-01,8.353e-04
3.786e+05,1.11763e+05,1.05885e+05,0.000e+00,0.000e+00,3.539e-03,4.555e-04,0.000e+00,0.000e+00,4.510e-04,3.271e-06,5.969e-01,8.358e-04
3.792e+05,1.11763e+05,1.05885e+05,0.000e+00,0.000e+00,3.539e-03,4.561e-04,0.000e+00,0.000e+00,4.511e-04,3.270e-06,5.950e-01,8.363e-04
3.798e+05,1.11763e+05,1.05885e+05,0.000e+00,0.000e+00,3.540e-03,4.566e-04,0.000e+00,0.000e+00,4.512e-04,3.270e-06,5.931e-01,8.368e-04
3.804e+05,1.11763e+05,1.05885e+05,0.000e+00,0.000e+00,3.541e-03,4.571e-04,0.000e+00,0.000e+00,4.513e-04,3.269e-06,5.911e-01,8.373e-04
3.810e+05,1.11763e+05,1.05885e+05,0.000e+00,0.000e+00,3.541e-03,4.577e-04,0.000e+00,0.000e+00,4.514e-04,3.269e-06,5.892e-01,8.379e-04
3.816e+05,1.11763e+05,1.05885e+05,0.000e+00,0.000e+00,3.542e-03,4.582e-04,0.000e+00,0.000e+00,4.515e-04,3.268e-06,5.873e-01,8.384e-04
3.822e+05,1.11763e+05,1.05885e+05,0.000e+00,0.000e+00,3.543e-03,4.587e-04,0.000e+00,0.000e+00,4.516e-04,3.268e-06,5.854e-01,8.389e-04
3.828e+05,1.11763e+05,1.05885e+05,0.000e+00,0.000e+00,3.543e-03,4.592e-04,0.000e+00,0.000e+00,4.517e-04,3.267e-06,5.835e-01,8.394e-04
3.834e+05,1.11763e+05,1.05885e+05,0.000e+00,0.000e+00,3.544e-03,4.598e-04,0.000e+00,0.000e+00,4.518e-04,3.267e-06,5.816e-01,8.399e-04
3.840e+05,1.11763e+05,1.05885e+05,0.000e+00,0.000e+00,3.545e-03,4.603e-04,0.000e+00,0.000e+00,4.520e-04,3.267e-06,5.797e-01,8.404e-04
3.846e+05,1.11763e+05,1.05885e+05,0.000e+00,0.000e+00,3.545e-03,4.608e-04,0.000e+00,0.000e+00,4.521e-04,3.266e-06,5.778e-01,8.409e-04
3.852e+05,1.11763e+05,1.05885e+05,0.000e+00,0.000e+00,3.546e-03,4.613e-04,0.000e+00,0.000e+00,4.522e-04,3.266e-06,5.759e-01,8.414e-04
3.858e+05,1.11763e+05,1.05885e+05,0.000e+00,0.000e+00,3.547e-03,4.618e-04,0.000e+00,0.000e+00,4.523e-04,3.266e-06,5.740e-01,8.419e-04
3.864e+05,1.11763e+05,1.05885e+05,0.000e+00,0.000e+00,3.547e-03,4.623e-04,0.000e+00,0.000e+00,4.524e-04,3.265e-06,5.721e-01,8.424e-04
3.870e+05,1.11763e+05,1.05885e+05,0.000e+00,0.000e+00,3.548e-03,4.628e-04,0.000e+00,0.000e+00,4.525e-04,3.265e-06,5.702e-01,8.429e-04
3.876e+05,1.11763e+05,1.05885e+05,0.000e+00,0.000e+00,3.549e-03,4.634e-04,0.000e+00,0.000e+00,4.526e-04,3.264e-06,5.682e-01,8.434e-04
3.882e+05,1.11763e+05,1.05885e+05,0.000e+00,0.000e+00,3.549e-03,4.639e-04,0.000e+00,0.000e+00,4.527e-04,3.264e-06,5.663e-01,8.439e-04
3.888e+05,1.11763e+05,1.05885e+05,0.000e+00,0.000e+00,3.550e-03,4.644e-04,0.000e+00,0.000e+00,4.529e-04,3.264e-06,5.644e-01,8.443e-04
3.894e+05,1.11763e+05,1.05885e+05,0.000e+00,0.000e+00,3.551e-03,4.649e-04,0.000e+00,0.000e+00,4.530e-04,3.264e-06,5.625e-01,8.448e-04
3.900e+05,1.11763e+05,1.05885e+05,0.000e+00,0.000e+00,3.551e-03,4.654e-04,0.000e+00,0.000e+00,4.531e-04,3.263e-06,5.606e-01,8.453e-04
3.906e+05,1.11763e+05,1.05885e+05,0.000e+00,0.000e+00,3.552e-03,4.659e-04,0.000e+00,0.000e+00,4.532e-04,3.263e-06,5.587e-01,8.458e-04
3.912e+05,1.11763e+05,1.05885e+05,0.000e+00,0.000e+00,3.553e-03,4.664e-04,0.000e+00,0.000e+00,4.533e-04,3.263e-06,5.568e-01,8.463e-04
3.918e+05,1.11763e+05,1.05885e+05,0.000e+00,0.000e+00,3.553e-03,4.668e-04,0.000e+00,0.000e+00,4.534e-04,3.263e-06,5.549e-01,8.467e-04
3.924e+05,1.11763e+05,1.05885e+05,0.000e+00,0.000e+00,3.554e-03,4.673e-04,0.000e+00,0.000e+00,4.536e-04,3.263e-06,5.530e-01,8.472e-04
3.930e+05,1.11763e+05,1.05885e+05,0.000e+00,0.000e+00,3.555e-03,4.678e-04,0.000e+00,0.000e+00,4.537e-04,3.263e-06,5.511e-01,8.477e-04
3.936e+05,1.11763e+05,1.05885e+05,0.000e+00,0.000e+00,3.555e-03,4.683e-04,0.000e+00,0.000e+00,4.538e-04,3.263e-06,5.492e-01,8.482e-04
3.942e+05,1.11763e+05,1.05885e+05,0.000e+00,0.000e+00,3.556e-03,4.688e-04,0.000e+00,0.000e+00,4.539e-04,3.262e-06,5.473e-01,8.486e-04
3.948e+05,1.11763e+05,1.05885e+05,0.000e+00,0.000e+00,3.557e-03,4.693e-04,0.000e+00,0.000e+00,4.540e-04,3.262e-06,5.453e-01,8.491e-04
3.954e+05,1.11763e+05,1.05885e+05,0.000e+00,0.000e+00,3.557e-03,4.698e-04,0.000e+00,0.000e+00,4.542e-04,3.262e-06,5.434e-01,8.496e-04
3.960e+05,1.11763e+05,1.05885e+05,0.000e+00,0.000e+00,3.558e-03,4.703e-04,0.000e+00,0.000e+00,4.543e-04,3.262e-06,5.415e-01,8.501e-04
3.966e+05,1.11763e+05,1.05885e+05,0.000e+00,0.000e+00,3.559e-03,4.708e-04,0.000e+00,0.000e+00,4.544e-04,3.262e-06,5.396e-01,8.505e-04
3.972e+05,1.11763e+05,1.05885e+05,0.000e+00,0.000e+00,3.559e-03,4.712e-04,0.000e+00,0.000e+00,4.545e-04,3.262e-06,5.377e-01,8.510e-04
3.978e+05,1.11763e+05,1.05885e+05,0.000e+00,0.000e+00,3.560e-03,4.717e-04,0.000e+00,0.000e+00,4.546e-04,3.262e-06,5.358e-01,8.514e-04
3.984e+05,1.11763e+05,1.05885e+05,0.000e+00,0.000e+00,3.561e-03,4.722e-04,0.000e+00,0.000e+00,4.548e-04,3.262e-06,5.339e-01,8.519e-04
3.990e+05,1.11763e+05,1.05885e+05,0.000e+00,0.000e+00,3.561e-03,4.727e-04,0.000e+00,0.000e+00,4.549e-04,3.262e-06,5.320e-01,8.523e-04
3.996e+05,1.11763e+05,1.05885e+05,0.000e+00,0.000e+00,3.562e-03,4.731e-04,0.000e+00,0.000e+00,4.550e-04,3.262e-06,5.301e-01,8.528e-04
4.002e+05,1.11763e+05,1.05885e+05,0.000e+00,0.000e+00,3.563e-03,4.736e-04,0.000e+00,0.000e+00,4.551e-04,3.262e-06,5.282e-01,8.532e-04
4.008e+05,1.11763e+05,1.05885e+05,0.000e+00,0.000e+00,3.563e-03,4.741e-04,0.000e+00,0.000e+00,4.552e-04,3.262e-06,5.263e-01,8.537e-04
4.014e+05,1.11763e+05,1.05885e+05,0.000e+00,0.000e+00,3.564e-03,4.745e-04,0.000e+00,0.000e+00,4.554e-04,3.262e-06,5.244e-01,8.541e-04
4.020e+05,1.11763e+05,1.05885e+05,0.000e+00,0.000e+00,3.565e-03,4.750e-04,0.000e+00,0.000e+00,4.555e-04,3.262e-06,5.224e-01,8.546e-04
4.026e+05,1.11763e+05,1.05885e+05,0.000e+00,0.000e+00,3.565e-03,4.755e-04,0.000e+00,0.000e+00,4.556e-04,3.262e-06,5.205e-01,8.551e-04
4.032e+05,1.11763e+05,1.05885e+05,0.000e+00,0.000e+00,3.566e-03,4.760e-04,0.000e+00,0.000e+00,4.557e-04,3.262e-06,5.186e-01,8.555e-04
4.038e+05,1.11763e+05,1.05885e+05,0.000e+00,0.000e+00,3.567e-03,4.764e-04,0.000e+00,0.000e+00,4.559e-04,3.262e-06,5.167e-01,8.560e-04
4.044e+05,1.11763e+05,1.05885e+05,0.000e+00,0.000e+00,3.567e-03,4.769e-04,0.000e+00,0.000e+00,4.560e-04,3.263e-06,5.148e-01,8.564e-04
4.050e+05,1.11763e+05,1.05885e+05,0.000e+00,0.000e+00,3.568e-03,4.773e-04,0.000e+00,0.000e+00,4.561e-04,3.263e-06,5.129e-01,8.568e-04
4.056e+05,1.11763e+05,1.05885e+05,0.000e+00,0.000e+00,3.569e-03,4.778e-04,0.000e+00,0.000e+00,4.562e-04,3.263e-06,5.110e-01,8.573e-04
4.062e+05,1.11763e+05,1.05885e+05,0.000e+00,0.000e+00,3.569e-03,4.782e-04,0.000e+00,0.000e+00,4.564e-04,3.263e-06,5.091e-01,8.577e-04
4.068e+05,1.11763e+05,1.05885e+05,0.000e+00,0.000e+00,3.570e-03,4.787e-04,0.000e+00,0.000e+00,4.565e-04,3.264e-06,5.072e-01,8.581e-04
4.074e+05,1.11763e+05,1.05885e+05,0.000e+00,0.000e+00,3.571e-03,4.791e-04,0.000e+00,0.000e+00,4.566e-04,3.264e-06,5.053e-01,8.586e-04
4.080e+05,1.11763e+05,1.05885e+05,0.000e+00,0.000e+00,3.571e-03,4.796e-04,0.000e+00,0.000e+00,4.567e-04,3.264e-06,5.034e-01,8.590e-04
4.086e+05,1.11763e+05,1.05885e+05,0.000e+00,0.000e+00,3.572e-03,4.800e-04,0.000e+00,0.000e+00,4.569e-04,3.265e-06,5.015e-01,8.594e-04
4.092e+05,1.11763e+05,1.05885e+05,0.000e+00,0.000e+00,3.572e-03,4.805e-04,0.000e+00,0.000e+00,4.570e-04,3.265e-06,4.995e-01,8.598e-04
4.098e+05,1.11763e+05,1.05885e+05,0.000e+00,0.000e+00,3.573e-03,4.809e-04,0.000e+00,0.000e+00,4.571e-04,3.265e-06,4.976e-01,8.603e-04
4.104e+05,1.11763e+05,1.05885e+05,0.000e+00,0.000e+00,3.574e-03,4.814e-04,0.000e+00,0.000e+00,4.573e-04,3.265e-06,4.957e-01,8.607e-04
4.110e+05,1.11763e+05,1.05885e+05,0.000e+00,0.000e+00,3.574e-03,4.818e-04,0.000e+00,0.000e+00,4.574e-04,3.266e-06,4.938e-01,8.611e-04
4.116e+05,1.11763e+05,1.05885e+05,0.000e+00,0.000e+00,3.575e-03,4.822e-04,0.000e+00,0.000e+00,4.575e-04,3.266e-06,4.919e-01,8.616e-04
4.122e+05,1.11763e+05,1.05885e+05,0.000e+00,0.000e+00,3.576e-03,4.827e-04,0.000e+00,0.000e+00,4.576e-04,3.266e-06,4.900e-01,8.620e-04
4.128e+05,1.11763e+05,1.05885e+05,0.000e+00,0.000e+00,3.576e-03,4.831e-04,0.000e+00,0.000e+00,4.578e-04,3.266e-06,4.881e-01,8.624e-04
4.134e+05,1.11763e+05,1.05885e+05,0.000e+00,0.000e+00,3.577e-03,4.836e-04,0.000e+00,0.000e+00,4.579e-04,3.267e-06,4.862e-01,8.628e-04
4.140e+05,1.11763e+05,1.05885e+05,0.000e+00,0.000e+00,3.578e-03,4.840e-04,0.000e+00,0.000e+00,4.580e-04,3.267e-06,4.843e-01,8.633e-04
4.146e+05,1.11763e+05,1.05885e+05,0.000e+00,0.000e+00,3.578e-03,4.844e-04,0.000e+00,0.000e+00,4.581e-04,3.268e-06,4.824e-01,8.637e-04
4.152e+05,1.11763e+05,1.05885e+05,0.000e+00,0.000e+00,3.579e-03,4.848e-04,0.000e+00,0.000e+00,4.583e-04,3.269e-06,4.805e-01,8.641e-04
4.158e+05,1.11763e+05,1.05885e+05,0.000e+00,0.000e+00,3.580e-03,4.853e-04,0.000e+00,0.000e+00,4.584e-04,3.269e-06,4.786e-01,8.645e-04
4.164e+05,1.11763e+05,1.05885e+05,0.000e+00,0.000e+00,3.580e-03,4.857e-04,0.000e+00,0.000e+00,4.585e-04,3.270e-06,4.766e-01,8.649e-04
4.170e+05,1.11763e+05,1.05885e+05,0.000e+00,0.000e+00,3.581e-03,4.861e-04,0.000e+00,0.000e+00,4.587e-04,3.270e-06,4.747e-01,8.653e-04
4.176e+05,1.11763e+05,1.05885e+05,0.000e+00,0.000e+00,3.582e-03,4.865e-04,0.000e+00,0.000e+00,4.588e-04,3.271e-06,4.728e-01,8.657e-04
4.182e+05,1.11763e+05,1.05885e+05,0.000e+00,0.000e+00,3.582e-03,4.870e-04,0.000e+00,0.000e+00,4.589e-04,3.271e-06,4.709e-01,8.661e-04
4.188e+05,1.11763e+05,1.05885e+05,0.000e+00,0.000e+00,3.583e-03,4.874e-04,0.000e+00,0.000e+00,4.591e-04,3.272e-06,4.690e-01,8.665e-04
4.194e+05,1.11763e+05,1.05885e+05,0.000e+00,0.000e+00,3.583e-03,4.878e-04,0.000e+00,0.000e+00,4.592e-04,3.272e-06,4.671e-01,8.669e-04
4.200e+05,1.11763e+05,1.05885e+05,0.000e+00,0.000e+00,3.584e-03,4.882e-04,0.000e+00,0.000e+00,4.593e-04,3.273e-06,4.652e-01,8.673e-04
4.206e+05,1.11763e+05,1.05885e+05,0.000e+00,0.000e+00,3.585e-03,4.886e-04,0.000e+00,0.000e+00,4.594e-04,3.273e-06,4.633e-01,8.677e-04
4.212e+05,1.11763e+05,1.05885e+05,0.000e+00,0.000e+00,3.585e-03,4.891e-04,0.000e+00,0.000e+00,4.596e-04,3.274e-06,4.614e-01,8.681e-04
4.218e+05,1.11763e+05,1.05885e+05,0.000e+00,0.000e+00,3.586e-03,4.895e-04,0.000e+00,0.000e+00,4.597e-04,3.274e-06,4.595e-01,8.685e-04
4.224e+05,1.11763e+05,1.05885e+05,0.000e+00,0.000e+00,3.587e-03,4.899e-04,0.000e+00,0.000e+00,4.598e-04,3.275e-06,4.576e-01,8.690e-04
4.230e+05,1.11763e+05,1.05885e+05,0.000e+00,0.000e+00,3.587e-03,4.903e-04,0.000e+00,0.000e+00,4.600e-04,3.275e-06,4.556e-01,8.694e-04
4.236e+05,1.11763e+05,1.05885e+05,0.000e+00,0.000e+00,3.588e-03,4.907e-04,0.000e+00,0.000e+00,4.601e-04,3.276e-06,4.537e-01,8.697e-04
4.242e+05,1.11763e+05,1.05885e+05,0.000e+00,0.000e+00,3.589e-03,4.911e-04,0.000e+00,0.000e+00,4.602e-04,3.277e-06,4.518e-01,8.701e-04
4.248e+05,1.11763e+05,1.05885e+05,0.000e+00,0.000e+00,3.589e-03,4.915e-04,0.000e+00,0.000e+00,4.604e-04,3.278e-06,4.499e-01,8.705e-04
4.254e+05,1.11763e+05,1.05885e+05,0.000e+00,0.000e+00,3.590e-03,4.919e-04,0.000e+00,0.000e+00,4.605e-04,3.279e-06,4.480e-01,8.709e-04
4.260e+05,1.11763e+05,1.05885e+05,0.000e+00,0.000e+00,3.590e-03,4.923e-04,0.000e+00,0.000e+00,4.606e-04,3.279e-06,4.461e-01,8.713e-04
4.266e+05,1.11763e+05,1.05885e+05,0.000e+00,0.000e+00,3.591e-03,4.927e-04,0.000e+00,0.000e+00,4.608e-04,3.280e-06,4.442e-01,8.717e-04
4.272e+05,1.11763e+05,1.05885e+05,0.000e+00,0.000e+00,3.592e-03,4.931e-04,0.000e+00,0.000e+00,4.609e-04,3.281e-06,4.423e-01,8.720e-04
4.278e+05,1.11763e+05,1.05885e+05,0.000e+00,0.000e+00,3.592e-03,4.935e-04,0.000e+00,0.000e+00,4.610e-04,3.282e-06,4.404e-01,8.724e-04
4.284e+05,1.11763e+05,1.05885e+05,0.000e+00,0.000e+00,3.593e-03,4.939e-04,0.000e+00,0.000e+00,4.612e-04,3.282e-06,4.385e-01,8.728e-04
4.290e+05,1.11763e+05,1.05885e+05,0.000e+00,0.000e+00,3.594e-03,4.943e-04,0.000e+00,0.000e+00,4.613e-04,3.283e-06,4.366e-01,8.732e-04
4.296e+05,1.11763e+05,1.05885e+05,0.000e+00,0.000e+00,3.594e-03,4.947e-04,0.000e+00,0.000e+00,4.614e-04,3.284e-06,4.347e-01,8.736e-04
4.302e+05,1.11763e+05,1.05885e+05,0.000e+00,0.000e+00,3.595e-03,4.951e-04,0.000e+00,0.000e+00,4.616e-04,3.285e-06,4.327e-01,8.740e-04
4.308e+05,1.11763e+05,1.05885e+05,0.000e+00,0.000e+00,3.596e-03,4.955e-04,0.000e+00,0.000e+00,4.617e-04,3.286e-06,4.308e-01,8.744e-04
4.314e+05,1.11763e+05,1.05885e+05,0.000e+00,0.000e+00,3.596e-03,4.959e-04,0.000e+00,0.000e+00,4.618e-04,3.286e-06,4.289e-01,8.747e-04
4.320e+05,1.11763e+05,1.05885e+05,0.000e+00,0.000e+00,3.597e-03,4.963e-04,0.000e+00,0.000e+00,4.619e-04,3.287e-06,4.270e-01,8.751e-04