# t, p_1, p_2, mob_A, imm_A, diss_A, seal_A, mob_B, imm_B, diss_B, seal_B, M_C
0.000000,109690.849085,103730.408576,0.000000,0.000000,0.000025,0.000005,0.000000,0.000000,0.000018,0.000004,0.000000
600.000000,115298.247528,106235.788654,0.000000,0.000000,0.000025,0.000005,0.000000,0.000000,0.000018,0.000004,0.000000
1200.000000,115626.938909,106399.396592,0.000000,0.000000,0.000025,0.000005,0.000000,0.000000,0.000018,0.000004,0.000000
1800.000000,115550.154957,106406.096156,0.000000,0.000000,0.000025,0.000005,0.000000,0.000000,0.000018,0.000004,0.000000
2400.000000,115460.125490,106391.960894,0.000000,0.000000,0.000025,0.000005,0.000000,0.000000,0.000018,0.000004,0.000000
3000.000000,115657.809125,106468.419350,0.000000,0.000000,0.000025,0.000005,0.000000,0.000000,0.000018,0.000004,0.000000
3600.000000,116157.914471,106652.981574,0.000000,0.000000,0.000025,0.000005,0.000000,0.000000,0.000018,0.000004,0.000000
4200.000000,116335.660101,106732.477050,0.000000,0.000000,0.000025,0.000005,0.000000,0.000000,0.000018,0.000004,0.000000
4800.000000,116386.561153,106778.197640,0.000000,0.000000,0.000025,0.000005,0.000000,0.000000,0.000018,0.000004,0.000000
5400.000000,116617.160699,106883.163504,0.000000,0.000000,0.000027,0.000005,0.000000,0.000000,0.000018,0.000004,0.000018
6000.000000,116718.692385,106944.218213,0.000002,0.000001,0.000044,0.000012,0.000000,0.000000,0.000018,0.000004,0.001166
6600.000000,116877.393617,107012.740598,0.000007,0.000005,0.000075,0.000025,0.000000,0.000000,0.000018,0.000004,0.015400
7200.000000,116803.185814,107022.347906,0.000015,0.000009,0.000120,0.000044,0.000000,0.000000,0.000018,0.000004,0.038665
7800.000000,116917.708721,107076.943839,0.000025,0.000016,0.000170,0.000067,0.000000,0.000000,0.000018,0.000004,0.046587
8400.000000,116934.404203,107103.297687,0.000037,0.000022,0.000220,0.000095,0.000000,0.000000,0.000018,0.000004,0.043902
9000.000000,120589.739682,110697.778665,0.000047,0.000026,0.000253,0.000118,0.000000,0.000000,0.000018,0.000004,0.041701
9600.000000,121415.638394,111357.489092,0.000058,0.000030,0.000288,0.000145,0.000000,0.000000,0.000018,0.000004,0.047076
10200.000000,121393.115922,111297.770958,0.000070,0.000036,0.000327,0.000175,0.000000,0.000000,0.000018,0.000004,0.039626
10800.000000,121219.155227,111260.703300,0.000083,0.000041,0.000368,0.000207,0.000000,0.000000,0.000018,0.000004,0.039688
11400.000000,120736.384221,110851.399566,0.000097,0.000046,0.000410,0.000244,0.000000,0.000000,0.000018,0.000004,0.042290
12000.000000,120735.974118,111111.160249,0.000112,0.000052,0.000451,0.000281,0.000000,0.000000,0.000018,0.000004,0.040959
12600.000000,120744.860383,111253.964926,0.000126,0.000058,0.000488,0.000319,0.000000,0.000000,0.000018,0.000004,0.035169
13200.000000,120440.297402,111292.146441,0.000141,0.000062,0.000525,0.000356,0.000000,0.000000,0.000018,0.000004,0.031580
13800.000000,120388.133513,111427.213793,0.000155,0.000067,0.000561,0.000394,0.000000,0.000000,0.000018,0.000004,0.029965
14400.000000,120190.906937,111972.421500,0.000169,0.000071,0.000596,0.000432,0.000000,0.000000,0.000026,0.000004,0.029878
15000.000000,120493.159712,112168.829537,0.000182,0.000076,0.000626,0.000466,0.000001,0.000002,0.000051,0.000005,0.029761
15600.000000,120071.260850,112166.694283,0.000194,0.000080,0.000658,0.000502,0.000003,0.000006,0.000087,0.000005,0.029666
16200.000000,120125.872679,112748.448930,0.000206,0.000084,0.000685,0.000533,0.000005,0.000012,0.000136,0.000009,0.029560
16800.000000,120005.972851,113025.833701,0.000216,0.000087,0.000715,0.000568,0.000008,0.000018,0.000193,0.000014,0.029321
17400.000000,120212.197650,113264.491135,0.000227,0.000091,0.000737,0.000595,0.000012,0.000026,0.000263,0.000020,0.028930
18000.000000,119899.045331,114026.437821,0.000236,0.000095,0.000763,0.000624,0.000018,0.000037,0.000348,0.000023,0.028646
18600.000000,115491.561300,109476.304351,0.000239,0.000096,0.000772,0.000636,0.000026,0.000047,0.000435,0.000024,0.027965
19200.000000,111941.743685,106517.684721,0.000241,0.000097,0.000777,0.000644,0.000029,0.000057,0.000510,0.000023,0.027199
19800.000000,109762.471774,105059.336136,0.000243,0.000098,0.000778,0.000648,0.000028,0.000064,0.000569,0.000023,0.025073
20400.000000,108152.444110,103881.739218,0.000242,0.000098,0.000782,0.000652,0.000026,0.000068,0.000613,0.000023,0.023843
21000.000000,107184.649507,103092.262343,0.000241,0.000098,0.000785,0.000656,0.000023,0.000072,0.000643,0.000023,0.023094
21600.000000,106501.404328,102498.162156,0.000240,0.000098,0.000787,0.000657,0.000019,0.000073,0.000669,0.000022,0.022662
22200.000000,106097.545689,102166.899951,0.000237,0.000097,0.000791,0.000659,0.000016,0.000075,0.000683,0.000022,0.022222
22800.000000,105848.164174,101959.624910,0.000235,0.000097,0.000794,0.000660,0.000014,0.000076,0.000696,0.000022,0.021738
23400.000000,105719.710264,101789.077767,0.000232,0.000096,0.000798,0.000661,0.000012,0.000076,0.000705,0.000022,0.021526
24000.000000,105665.047398,101734.339083,0.000229,0.000096,0.000802,0.000663,0.000010,0.000076,0.000712,0.000022,0.021680
24600.000000,105674.645874,101704.287414,0.000226,0.000095,0.000806,0.000664,0.000009,0.000076,0.000717,0.000022,0.021746
25200.000000,105716.768469,101731.578016,0.000224,0.000095,0.000810,0.000665,0.000008,0.000076,0.000722,0.000022,0.021708
25800.000000,105776.312847,101743.553544,0.000221,0.000094,0.000814,0.000666,0.000008,0.000075,0.000725,0.000022,0.021456
26400.000000,105858.039805,101801.501002,0.000219,0.000094,0.000817,0.000668,0.000008,0.000075,0.000729,0.000022,0.021160
27000.000000,105942.658702,101845.998227,0.000216,0.000093,0.000821,0.000669,0.000007,0.000075,0.000732,0.000022,0.020877
27600.000000,106040.677572,101945.357352,0.000214,0.000093,0.000824,0.000670,0.000007,0.000075,0.000734,0.000022,0.020627
28200.000000,106126.995775,101972.462226,0.000211,0.000092,0.000828,0.000671,0.000007,0.000074,0.000736,0.000022,0.020616
28800.000000,106210.504268,102017.499912,0.000209,0.000092,0.000831,0.000672,0.000007,0.000074,0.000739,0.000022,0.020692
29400.000000,106288.398402,102038.550826,0.000207,0.000091,0.000835,0.000673,0.000007,0.000074,0.000741,0.000022,0.020839
30000.000000,106357.153849,102076.273201,0.000204,0.000091,0.000838,0.000674,0.000007,0.000074,0.000744,0.000022,0.020722
30600.000000,106429.705393,102138.824111,0.000202,0.000091,0.000841,0.000675,0.000007,0.000074,0.000746,0.000022,0.020603
31200.000000,106486.212047,102167.878009,0.000199,0.000090,0.000844,0.000676,0.000007,0.000074,0.000748,0.000022,0.020472
31800.000000,106539.750780,102216.415697,0.000197,0.000090,0.000847,0.000677,0.000007,0.000074,0.000750,0.000022,0.020166
32400.000000,106601.061639,102262.151152,0.000195,0.000090,0.000850,0.000678,0.000007,0.000074,0.000753,0.000022,0.019731
33000.000000,106649.286902,102284.700246,0.000192,0.000089,0.000853,0.000679,0.000007,0.000074,0.000755,0.000022,0.019364
33600.000000,106693.809080,102302.075437,0.000190,0.000089,0.000856,0.000680,0.000008,0.000075,0.000758,0.000023,0.019112
34200.000000,106736.683050,102355.993973,0.000187,0.000089,0.000858,0.000680,0.000008,0.000075,0.000761,0.000023,0.018733
34800.000000,106779.846691,102385.577683,0.000185,0.000088,0.000861,0.000681,0.000008,0.000075,0.000764,0.000023,0.018382
35400.000000,106814.550004,102383.012126,0.000182,0.000088,0.000864,0.000682,0.000008,0.000076,0.000766,0.000023,0.018053
36000.000000,106843.186137,102375.129841,0.000180,0.000088,0.000867,0.000683,0.000008,0.000076,0.000768,0.000023,0.017732
36600.000000,106875.455705,102406.569609,0.000178,0.000087,0.000870,0.000684,0.000008,0.000077,0.000770,0.000023,0.017400
37200.000000,106897.606335,102403.545664,0.000175,0.000087,0.000873,0.000685,0.000008,0.000077,0.000773,0.000023,0.017063
37800.000000,106910.564139,102411.472255,0.000173,0.000086,0.000875,0.000685,0.000008,0.000077,0.000776,0.000023,0.016754
38400.000000,106924.960110,102424.989085,0.000171,0.000086,0.000877,0.000686,0.000008,0.000077,0.000779,0.000023,0.016503
39000.000000,106938.094478,102432.253663,0.000168,0.000086,0.000880,0.000686,0.000008,0.000078,0.000782,0.000023,0.016273
39600.000000,106946.416723,102453.607108,0.000166,0.000085,0.000882,0.000687,0.000008,0.000078,0.000785,0.000023,0.016220
40200.000000,106961.995999,102468.930751,0.000163,0.000085,0.000885,0.000688,0.000009,0.000078,0.000788,0.000023,0.016365
40800.000000,106967.367381,102472.899341,0.000161,0.000085,0.000887,0.000688,0.000009,0.000078,0.000792,0.000023,0.016383
41400.000000,106986.987857,102479.702184,0.000158,0.000085,0.000890,0.000688,0.000009,0.000078,0.000795,0.000023,0.016393
42000.000000,107004.518571,102495.602717,0.000156,0.000084,0.000892,0.000689,0.000009,0.000078,0.000798,0.000023,0.016141
42600.000000,107030.301026,102520.053015,0.000153,0.000084,0.000894,0.000689,0.000009,0.000078,0.000801,0.000023,0.015875
43200.000000,107065.423219,102532.425665,0.000151,0.000084,0.000896,0.000690,0.000008,0.000079,0.000803,0.000023,0.015609
43800.000000,107092.558293,102537.079613,0.000148,0.000083,0.000898,0.000690,0.000009,0.000080,0.000806,0.000023,0.015319
44400.000000,107109.776995,102544.696096,0.000146,0.000083,0.000900,0.000691,0.000009,0.000080,0.000809,0.000023,0.014999
45000.000000,107136.884347,102565.588093,0.000143,0.000083,0.000902,0.000691,0.000009,0.000080,0.000812,0.000023,0.014660
45600.000000,107164.578133,102575.332928,0.000141,0.000082,0.000905,0.000691,0.000009,0.000080,0.000814,0.000023,0.014317
46200.000000,107182.568076,102578.825306,0.000138,0.000082,0.000907,0.000692,0.000009,0.000081,0.000817,0.000023,0.014007
46800.000000,107193.745266,102579.531025,0.000135,0.000082,0.000909,0.000692,0.000009,0.000081,0.000820,0.000023,0.013736
47400.000000,107219.070744,102584.785886,0.000133,0.000082,0.000911,0.000692,0.000009,0.000081,0.000823,0.000023,0.013531
48000.000000,107250.062215,102594.381449,0.000130,0.000081,0.000913,0.000692,0.000009,0.000081,0.000826,0.000023,0.013316
48600.000000,107278.724496,102607.018383,0.000127,0.000081,0.000915,0.000692,0.000009,0.000082,0.000828,0.000023,0.013094
49200.000000,107304.672119,102619.484762,0.000125,0.000081,0.000917,0.000692,0.000009,0.000082,0.000831,0.000023,0.012863
49800.000000,107324.847636,102626.569507,0.000122,0.000080,0.000919,0.000693,0.000009,0.000083,0.000833,0.000023,0.012610
50400.000000,107345.412968,102631.382253,0.000119,0.000080,0.000921,0.000693,0.000009,0.000083,0.000836,0.000023,0.012354
51000.000000,107355.222658,102633.218199,0.000117,0.000080,0.000923,0.000693,0.000009,0.000083,0.000839,0.000023,0.012132
51600.000000,107369.401717,102635.774274,0.000114,0.000079,0.000924,0.000693,0.000009,0.000083,0.000842,0.000023,0.011929
52200.000000,107384.300537,102629.230558,0.000112,0.000079,0.000926,0.000693,0.000009,0.000084,0.000845,0.000023,0.011772
52800.000000,107390.777053,102623.480862,0.000110,0.000078,0.000928,0.000693,0.000009,0.000084,0.000848,0.000023,0.011718
53400.000000,107401.383859,102624.348452,0.000107,0.000078,0.000930,0.000693,0.000009,0.000084,0.000851,0.000023,0.011603
54000.000000,107430.484413,102638.255532,0.000105,0.000078,0.000932,0.000693,0.000009,0.000085,0.000853,0.000023,0.011416
54600.000000,107460.340181,102647.007061,0.000102,0.000077,0.000934,0.000693,0.000009,0.000085,0.000855,0.000023,0.011209
55200.000000,107477.976822,102650.603541,0.000099,0.000077,0.000936,0.000694,0.000009,0.000086,0.000857,0.000023,0.011035
55800.000000,107493.722593,102652.204418,0.000097,0.000076,0.000938,0.000694,0.000009,0.000086,0.000859,0.000023,0.010884
56400.000000,107507.225506,102652.638088,0.000094,0.000076,0.000940,0.000694,0.000010,0.000087,0.000861,0.000023,0.010768
57000.000000,107521.839783,102648.986949,0.000092,0.000076,0.000941,0.000694,0.000010,0.000087,0.000864,0.000023,0.010669
57600.000000,107529.955154,102639.654623,0.000089,0.000075,0.000943,0.000694,0.000010,0.000087,0.000867,0.000023,0.010576
58200.000000,107538.484440,102632.870031,0.000086,0.000075,0.000945,0.000694,0.000010,0.000087,0.000869,0.000023,0.010481
58800.000000,107558.045337,102640.457304,0.000084,0.000075,0.000947,0.000694,0.000010,0.000088,0.000872,0.000023,0.010370
59400.000000,107574.722469,102646.674294,0.000081,0.000074,0.000948,0.000694,0.000010,0.000088,0.000874,0.000023,0.010259
60000.000000,107588.527720,102650.240975,0.000079,0.000074,0.000950,0.000693,0.000010,0.000088,0.000877,0.000023,0.010151
60600.000000,107603.668821,102654.332816,0.000076,0.000074,0.000951,0.000693,0.000010,0.000088,0.000879,0.000023,0.010020
61200.000000,107622.429295,102660.828826,0.000073,0.000073,0.000953,0.000693,0.000010,0.000089,0.000881,0.000023,0.009886
61800.000000,107638.382389,102664.321072,0.000071,0.000073,0.000954,0.000693,0.000010,0.000089,0.000884,0.000023,0.009746
62400.000000,107657.755542,102665.762228,0.000068,0.000073,0.000956,0.000693,0.000010,0.000089,0.000886,0.000023,0.009614
63000.000000,107680.500734,102672.931206,0.000066,0.000072,0.000957,0.000692,0.000010,0.000090,0.000888,0.000023,0.009491
63600.000000,107702.586952,102682.786531,0.000063,0.000072,0.000959,0.000692,0.000010,0.000090,0.000891,0.000023,0.009375
64200.000000,107726.175607,102695.914346,0.000061,0.000072,0.000960,0.000692,0.000010,0.000090,0.000893,0.000023,0.009269
64800.000000,107751.848006,102708.576523,0.000058,0.000071,0.000962,0.000691,0.000010,0.000091,0.000896,0.000023,0.009177
65400.000000,107775.745763,102718.157109,0.000056,0.000071,0.000963,0.000691,0.000010,0.000091,0.000898,0.000023,0.009095
66000.000000,107805.212159,102725.555325,0.000054,0.000070,0.000965,0.000691,0.000010,0.000091,0.000900,0.000023,0.009011
66600.000000,107825.767638,102727.786279,0.000052,0.000070,0.000966,0.000691,0.000010,0.000092,0.000902,0.000023,0.008901
67200.000000,107850.924192,102732.500763,0.000049,0.000069,0.000968,0.000690,0.000011,0.000092,0.000904,0.000023,0.008756
67800.000000,107873.065114,102732.843287,0.000047,0.000069,0.000969,0.000690,0.000011,0.000092,0.000906,0.000023,0.008601
68400.000000,107901.560315,102725.987428,0.000045,0.000068,0.000970,0.000689,0.000011,0.000092,0.000908,0.000023,0.008470
69000.000000,107930.164642,102730.835969,0.000043,0.000068,0.000972,0.000689,0.000011,0.000092,0.000910,0.000023,0.008371
69600.000000,107959.737012,102742.031288,0.000041,0.000068,0.000973,0.000689,0.000010,0.000093,0.000912,0.000023,0.008294
70200.000000,107981.339894,102748.397382,0.000039,0.000067,0.000974,0.000688,0.000010,0.000093,0.000914,0.000023,0.008217
70800.000000,108009.493820,102763.081536,0.000037,0.000067,0.000975,0.000688,0.000010,0.000093,0.000916,0.000023,0.008141
71400.000000,108033.574927,102776.827261,0.000036,0.000066,0.000976,0.000687,0.000010,0.000093,0.000918,0.000023,0.008065
72000.000000,108061.549281,102787.341166,0.000034,0.000066,0.000978,0.000687,0.000010,0.000093,0.000919,0.000023,0.007993
72600.000000,108095.531611,102799.608718,0.000032,0.000065,0.000979,0.000687,0.000010,0.000094,0.000921,0.000023,0.007927
73200.000000,108119.077037,102806.096234,0.000031,0.000065,0.000980,0.000686,0.000010,0.000094,0.000922,0.000023,0.007865
73800.000000,108145.579189,102816.055292,0.000029,0.000064,0.000981,0.000686,0.000010,0.000094,0.000924,0.000023,0.007803
74400.000000,108170.734972,102824.574840,0.000028,0.000064,0.000982,0.000686,0.000010,0.000094,0.000925,0.000023,0.007744
75000.000000,108192.142160,102829.523954,0.000026,0.000064,0.000983,0.000685,0.000010,0.000094,0.000927,0.000023,0.007682
75600.000000,108228.105570,102843.823132,0.000025,0.000063,0.000984,0.000685,0.000009,0.000094,0.000928,0.000023,0.007627
76200.000000,108255.345115,102852.265999,0.000024,0.000063,0.000985,0.000684,0.000009,0.000095,0.000929,0.000023,0.007570
76800.000000,108277.087313,102855.873459,0.000023,0.000063,0.000985,0.000684,0.000009,0.000095,0.000930,0.000023,0.007510
77400.000000,108301.423582,102855.206982,0.000021,0.000062,0.000986,0.000684,0.000009,0.000095,0.000931,0.000023,0.007452
78000.000000,108323.024606,102851.459718,0.000020,0.000062,0.000987,0.000683,0.000009,0.000095,0.000933,0.000023,0.007395
78600.000000,108348.900882,102847.976562,0.000019,0.000061,0.000988,0.000683,0.000009,0.000095,0.000934,0.000023,0.007340
79200.000000,108372.036381,102843.350648,0.000018,0.000061,0.000989,0.000683,0.000009,0.000095,0.000935,0.000023,0.007287
79800.000000,108394.458500,102840.588702,0.000017,0.000060,0.000990,0.000682,0.000009,0.000095,0.000936,0.000023,0.007235
80400.000000,108419.364248,102854.247733,0.000016,0.000060,0.000990,0.000682,0.000009,0.000095,0.000937,0.000023,0.007185
81000.000000,108449.500968,102868.139488,0.000015,0.000059,0.000991,0.000682,0.000009,0.000095,0.000938,0.000023,0.007140
81600.000000,108480.406421,102886.375526,0.000014,0.000059,0.000992,0.000681,0.000009,0.000096,0.000939,0.000023,0.007099
82200.000000,108508.505949,102905.741813,0.000013,0.000059,0.000993,0.000681,0.000009,0.000096,0.000940,0.000023,0.007059
82800.000000,108536.661594,102929.689903,0.000012,0.000058,0.000994,0.000681,0.000009,0.000096,0.000941,0.000023,0.007021
83400.000000,108568.047876,102957.907226,0.000011,0.000058,0.000994,0.000680,0.000008,0.000096,0.000942,0.000023,0.006984
84000.000000,108595.709311,102982.661826,0.000010,0.000057,0.000995,0.000680,0.000008,0.000096,0.000943,0.000023,0.006949
84600.000000,108625.826643,103015.537977,0.000010,0.000057,0.000996,0.000680,0.000008,0.000096,0.000944,0.000023,0.006914
85200.000000,108655.038677,103040.681012,0.000009,0.000057,0.000996,0.000680,0.000008,0.000095,0.000945,0.000023,0.006883
85800.000000,108689.523222,103066.392501,0.000008,0.000056,0.000997,0.000679,0.000008,0.000096,0.000946,0.000023,0.006857
86400.000000,108716.474222,103089.356641,0.000007,0.000056,0.000997,0.000679,0.000008,0.000095,0.000947,0.000023,0.006832
87000.000000,108744.722901,103118.530304,0.000007,0.000055,0.000998,0.000679,0.000008,0.000095,0.000948,0.000023,0.006807
87600.000000,108772.987776,103140.314924,0.000006,0.000055,0.000998,0.000679,0.000008,0.000096,0.000948,0.000023,0.006783
88200.000000,108798.154462,103162.074137,0.000006,0.000055,0.000999,0.000678,0.000008,0.000095,0.000949,0.000023,0.006758
88800.000000,108821.450070,103180.148497,0.000005,0.000054,0.000999,0.000678,0.000008,0.000095,0.000950,0.000023,0.006733
89400.000000,108845.119644,103191.443545,0.000005,0.000054,0.001000,0.000678,0.000007,0.000095,0.000951,0.000023,0.006710
90000.000000,108866.576916,103221.309774,0.000004,0.000053,0.001001,0.000678,0.000007,0.000095,0.000952,0.000023,0.006686
90600.000000,108886.950087,103240.403836,0.000004,0.000053,0.001001,0.000678,0.000007,0.000095,0.000953,0.000023,0.006663
91200.000000,108906.393073,103255.564177,0.000003,0.000053,0.001002,0.000678,0.000007,0.000095,0.000954,0.000023,0.006640
91800.000000,108925.142074,103269.405400,0.000003,0.000052,0.001002,0.000678,0.000007,0.000095,0.000955,0.000023,0.006617
92400.000000,108942.562562,103280.040228,0.000002,0.000052,0.001003,0.000677,0.000007,0.000095,0.000956,0.000023,0.006600
93000.000000,108962.849098,103300.864895,0.000002,0.000052,0.001003,0.000677,0.000006,0.000095,0.000957,0.000023,0.006583
93600.000000,108979.547955,103301.841296,0.000002,0.000051,0.001004,0.000677,0.000006,0.000094,0.000957,0.000023,0.006567
94200.000000,108996.226822,103312.987529,0.000001,0.000051,0.001004,0.000677,0.000006,0.000094,0.000958,0.000023,0.006552
94800.000000,109012.942083,103332.221949,0.000001,0.000051,0.001005,0.000677,0.000006,0.000094,0.000959,0.000023,0.006536
95400.000000,109027.001845,103341.404893,0.000001,0.000050,0.001005,0.000677,0.000005,0.000094,0.000960,0.000023,0.006523
96000.000000,109042.926452,103348.190155,0.000001,0.000050,0.001005,0.000677,0.000005,0.000093,0.000961,0.000023,0.006514
96600.000000,109058.401497,103354.902314,0.000001,0.000050,0.001006,0.000677,0.000005,0.000093,0.000962,0.000023,0.006507
97200.000000,109073.023844,103364.965484,0.000001,0.000049,0.001006,0.000677,0.000004,0.000092,0.000963,0.000023,0.006499
97800.000000,109088.430537,103376.629321,0.000000,0.000049,0.001006,0.000677,0.000004,0.000092,0.000964,0.000023,0.006493
98400.000000,109104.584014,103388.916324,0.000000,0.000049,0.001006,0.000677,0.000004,0.000092,0.000965,0.000023,0.006486
99000.000000,109124.267454,103401.410314,0.000000,0.000048,0.001007,0.000677,0.000003,0.000091,0.000966,0.000023,0.006481
99600.000000,109140.078920,103412.230545,0.000000,0.000048,0.001007,0.000677,0.000003,0.000091,0.000966,0.000023,0.006476
100200.000000,109154.929067,103420.065495,0.000000,0.000048,0.001007,0.000677,0.000002,0.000091,0.000967,0.000023,0.006472
100800.000000,109170.656819,103430.248245,0.000000,0.000048,0.001008,0.000677,0.000002,0.000090,0.000968,0.000023,0.006468
101400.000000,109185.527243,103441.697230,0.000000,0.000047,0.001008,0.000677,0.000002,0.000090,0.000968,0.000023,0.006465
102000.000000,109199.858441,103448.193600,0.000000,0.000047,0.001008,0.000677,0.000002,0.000089,0.000969,0.000023,0.006462
102600.000000,109212.600961,103455.790380,0.000000,0.000047,0.001008,0.000677,0.000001,0.000089,0.000969,0.000023,0.006460
103200.000000,109226.521705,103463.637558,0.000000,0.000047,0.001009,0.000677,0.000001,0.000089,0.000970,0.000023,0.006459
103800.000000,109239.572337,103471.654863,0.000000,0.000046,0.001009,0.000677,0.000001,0.000088,0.000970,0.000023,0.006458
104400.000000,109252.799808,103483.586843,0.000000,0.000046,0.001009,0.000677,0.000001,0.000088,0.000971,0.000023,0.006458
105000.000000,109265.527280,103491.857126,0.000000,0.000046,0.001009,0.000677,0.000001,0.000087,0.000971,0.000023,0.006458
105600.000000,109276.790768,103499.694734,0.000000,0.000046,0.001010,0.000677,0.000001,0.000087,0.000971,0.000023,0.006460
106200.000000,109286.697427,103506.318425,0.000000,0.000045,0.001010,0.000677,0.000001,0.000087,0.000971,0.000023,0.006464
106800.000000,109296.396807,103512.362244,0.000000,0.000045,0.001010,0.000677,0.000001,0.000086,0.000972,0.000023,0.006468
107400.000000,109303.888394,103519.480254,0.000000,0.000045,0.001010,0.000677,0.000001,0.000086,0.000972,0.000023,0.006472
108000.000000,109312.398353,103525.568145,0.000000,0.000045,0.001011,0.000677,0.000001,0.000085,0.000972,0.000023,0.006476
108600.000000,109319.701160,103530.842655,0.000000,0.000045,0.001011,0.000678,0.000001,0.000085,0.000973,0.000023,0.006481
109200.000000,109326.185558,103534.284110,0.000000,0.000044,0.001011,0.000678,0.000001,0.000085,0.000973,0.000023,0.006487
109800.000000,109331.537852,103537.918685,0.000000,0.000044,0.001011,0.000678,0.000001,0.000084,0.000973,0.000023,0.006492
110400.000000,109335.777673,103539.923763,0.000000,0.000044,0.001011,0.000678,0.000001,0.000084,0.000973,0.000023,0.006498
111000.000000,109340.036639,103544.350070,0.000000,0.000044,0.001012,0.000678,0.000001,0.000084,0.000973,0.000023,0.006504
111600.000000,109345.106078,103547.925431,0.000000,0.000044,0.001012,0.000678,0.000001,0.000084,0.000974,0.000023,0.006509
112200.000000,109349.775892,103551.422744,0.000000,0.000043,0.001012,0.000678,0.000001,0.000083,0.000974,0.000023,0.006515
112800.000000,109353.772837,103555.449408,0.000000,0.000043,0.001012,0.000678,0.000001,0.000083,0.000974,0.000023,0.006521
113400.000000,109357.552833,103558.552984,0.000000,0.000043,0.001012,0.000678,0.000001,0.000083,0.000974,0.000023,0.006527
114000.000000,109361.314826,103560.357900,0.000000,0.000043,0.001013,0.000678,0.000001,0.000083,0.000974,0.000023,0.006532
114600.000000,109364.941324,103563.761653,0.000000,0.000043,0.001013,0.000678,0.000001,0.000082,0.000974,0.000023,0.006538
115200.000000,109369.575413,103565.474929,0.000000,0.000043,0.001013,0.000678,0.000001,0.000082,0.000974,0.000023,0.006544
115800.000000,109372.446639,103568.105900,0.000000,0.000043,0.001013,0.000678,0.000001,0.000082,0.000975,0.000023,0.006549
116400.000000,109374.716371,103570.846090,0.000000,0.000042,0.001013,0.000678,0.000001,0.000082,0.000975,0.000023,0.006555
117000.000000,109377.531061,103572.831376,0.000000,0.000042,0.001013,0.000678,0.000001,0.000081,0.000975,0.000023,0.006561
117600.000000,109379.931018,103574.349692,0.000000,0.000042,0.001014,0.000678,0.000001,0.000081,0.000975,0.000023,0.006566
118200.000000,109382.153264,103575.863688,0.000000,0.000042,0.001014,0.000678,0.000001,0.000081,0.000975,0.000023,0.006572
118800.000000,109384.143783,103577.361376,0.000000,0.000042,0.001014,0.000678,0.000001,0.000081,0.000975,0.000023,0.006578
119400.000000,109385.958149,103578.545590,0.000000,0.000042,0.001014,0.000678,0.000001,0.000081,0.000975,0.000023,0.006583
120000.000000,109387.439538,103579.205993,0.000000,0.000041,0.001014,0.000678,0.000001,0.000080,0.000975,0.000023,0.006589
120600.000000,109388.177755,103579.419121,0.000000,0.000041,0.001015,0.000678,0.000001,0.000080,0.000976,0.000023,0.006595
121200.000000,109388.262449,103580.144476,0.000000,0.000041,0.001015,0.000678,0.000001,0.000080,0.000976,0.000023,0.006601
121800.000000,109388.310186,103580.443551,0.000000,0.000041,0.001015,0.000678,0.000001,0.000080,0.000976,0.000023,0.006606
122400.000000,109390.246965,103580.472398,0.000000,0.000041,0.001015,0.000678,0.000001,0.000080,0.000976,0.000023,0.006612
123000.000000,109391.172626,103581.599557,0.000000,0.000041,0.001015,0.000678,0.000001,0.000080,0.000976,0.000023,0.006618
123600.000000,109392.386466,103583.110930,0.000000,0.000041,0.001015,0.000678,0.000001,0.000079,0.000976,0.000023,0.006623
124200.000000,109393.404428,103583.693725,0.000000,0.000041,0.001015,0.000678,0.000001,0.000079,0.000976,0.000023,0.006629
124800.000000,109394.689764,103585.958864,0.000000,0.000040,0.001016,0.000678,0.000001,0.000079,0.000976,0.000023,0.006634
125400.000000,109395.332618,103586.535108,0.000000,0.000040,0.001016,0.000678,0.000001,0.000079,0.000976,0.000023,0.006640
126000.000000,109397.157292,103588.035676,0.000000,0.000040,0.001016,0.000678,0.000001,0.000079,0.000976,0.000023,0.006645
126600.000000,109397.840570,103588.998218,0.000000,0.000040,0.001016,0.000678,0.000001,0.000078,0.000976,0.000023,0.006650
127200.000000,109398.573414,103589.157222,0.000000,0.000040,0.001016,0.000678,0.000001,0.000078,0.000976,0.000023,0.006656
127800.000000,109398.855388,103589.073820,0.000000,0.000040,0.001016,0.000678,0.000001,0.000078,0.000976,0.000023,0.006661
128400.000000,109398.938053,103589.700403,0.000000,0.000040,0.001016,0.000678,0.000001,0.000078,0.000976,0.000023,0.006666
129000.000000,109399.226315,103589.375914,0.000000,0.000040,0.001017,0.000678,0.000001,0.000078,0.000976,0.000023,0.006672
129600.000000,109399.783614,103590.719765,0.000000,0.000039,0.001017,0.000678,0.000001,0.000078,0.000977,0.000023,0.006677
130200.000000,109400.546805,103591.068330,0.000000,0.000039,0.001017,0.000678,0.000001,0.000078,0.000977,0.000023,0.006682
130800.000000,109401.402162,103591.635160,0.000000,0.000039,0.001017,0.000678,0.000001,0.000077,0.000977,0.000023,0.006687
131400.000000,109402.147101,103591.574218,0.000000,0.000039,0.001017,0.000678,0.000001,0.000077,0.000977,0.000023,0.006693
132000.000000,109402.909366,103592.250566,0.000000,0.000039,0.001017,0.000677,0.000001,0.000077,0.000977,0.000023,0.006698
132600.000000,109403.769489,103592.486911,0.000000,0.000039,0.001017,0.000677,0.000001,0.000077,0.000977,0.000023,0.006703
133200.000000,109404.726000,103593.979189,0.000000,0.000039,0.001017,0.000677,0.000001,0.000077,0.000977,0.000023,0.006708
133800.000000,109405.796559,103593.763035,0.000000,0.000039,0.001018,0.000677,0.000001,0.000077,0.000977,0.000023,0.006713
134400.000000,109406.410061,103594.525741,0.000000,0.000038,0.001018,0.000677,0.000001,0.000076,0.000977,0.000023,0.006718
135000.000000,109407.234448,103595.340132,0.000000,0.000038,0.001018,0.000677,0.000001,0.000076,0.000977,0.000023,0.006723
135600.000000,109408.127209,103596.368025,0.000000,0.000038,0.001018,0.000677,0.000001,0.000076,0.000977,0.000023,0.006728
136200.000000,109409.181013,103597.049940,0.000000,0.000038,0.001018,0.000677,0.000001,0.000076,0.000977,0.000023,0.006733
136800.000000,109409.935494,103597.861607,0.000000,0.000038,0.001018,0.000677,0.000001,0.000076,0.000977,0.000023,0.006738
137400.000000,109410.744896,103598.373528,0.000000,0.000038,0.001018,0.000677,0.000001,0.000076,0.000977,0.000023,0.006743
138000.000000,109411.470115,103599.474823,0.000000,0.000038,0.001018,0.000677,0.000001,0.000076,0.000977,0.000023,0.006748
138600.000000,109412.047681,103599.922496,0.000000,0.000038,0.001019,0.000677,0.000001,0.000075,0.000977,0.000023,0.006753
139200.000000,109413.437876,103600.332354,0.000000,0.000038,0.001019,0.000677,0.000001,0.000075,0.000978,0.000023,0.006758
139800.000000,109414.269103,103601.175510,0.000000,0.000037,0.001019,0.000677,0.000001,0.000075,0.000978,0.000023,0.006763
140400.000000,109415.011122,103601.952738,0.000000,0.000037,0.001019,0.000677,0.000001,0.000075,0.000978,0.000023,0.006768
141000.000000,109415.637469,103602.603226,0.000000,0.000037,0.001019,0.000677,0.000001,0.000075,0.000978,0.000023,0.006772
141600.000000,109416.262245,103603.083128,0.000000,0.000037,0.001019,0.000677,0.000001,0.000075,0.000978,0.000023,0.006777
142200.000000,109416.763489,103603.646217,0.000000,0.000037,0.001019,0.000677,0.000000,0.000075,0.000978,0.000023,0.006782
142800.000000,109417.226145,103604.011107,0.000000,0.000037,0.001020,0.000677,0.000000,0.000075,0.000978,0.000023,0.006787
143400.000000,109417.653159,103604.320350,0.000000,0.000037,0.001020,0.000677,0.000000,0.000074,0.000978,0.000023,0.006792
144000.000000,109417.973102,103603.994814,0.000000,0.000037,0.001020,0.000677,0.000000,0.000074,0.000978,0.000023,0.006796
144600.000000,109418.290106,103604.374076,0.000000,0.000037,0.001020,0.000677,0.000000,0.000074,0.000978,0.000023,0.006801
145200.000000,109418.625134,103604.865366,0.000000,0.000036,0.001020,0.000677,0.000000,0.000074,0.000978,0.000023,0.006806
145800.000000,109418.867492,103605.166929,0.000000,0.000036,0.001020,0.000677,0.000000,0.000074,0.000978,0.000023,0.006811
146400.000000,109419.198889,103605.356251,0.000000,0.000036,0.001020,0.000677,0.000000,0.000074,0.000978,0.000023,0.006815
147000.000000,109419.549637,103605.917758,0.000000,0.000036,0.001020,0.000677,0.000000,0.000074,0.000978,0.000023,0.006820
147600.000000,109419.874376,103606.247827,0.000000,0.000036,0.001020,0.000677,0.000000,0.000074,0.000978,0.000023,0.006824
148200.000000,109420.563802,103606.777765,0.000000,0.000036,0.001021,0.000677,0.000000,0.000073,0.000978,0.000023,0.006829
148800.000000,109421.026390,103607.235070,0.000000,0.000036,0.001021,0.000677,0.000000,0.000073,0.000978,0.000023,0.006834
149400.000000,109421.662682,103607.795307,0.000000,0.000036,0.001021,0.000677,0.000000,0.000073,0.000978,0.000023,0.006838
150000.000000,109422.000973,103608.283951,0.000000,0.000036,0.001021,0.000677,0.000000,0.000073,0.000978,0.000023,0.006843
150600.000000,109422.579011,103608.578192,0.000000,0.000036,0.001021,0.000677,0.000000,0.000073,0.000978,0.000023,0.006847
151200.000000,109423.157646,103608.574798,0.000000,0.000035,0.001021,0.000677,0.000000,0.000073,0.000979,0.000023,0.006852
151800.000000,109423.906557,103609.065574,0.000000,0.000035,0.001021,0.000677,0.000000,0.000073,0.000979,0.000023,0.006856
152400.000000,109424.080499,103609.122929,0.000000,0.000035,0.001021,0.000677,0.000000,0.000073,0.000979,0.000023,0.006861
153000.000000,109424.680908,103609.061215,0.000000,0.000035,0.001021,0.000677,0.000000,0.000072,0.000979,0.000023,0.006865
153600.000000,109425.411103,103609.526967,0.000000,0.000035,0.001022,0.000677,0.000000,0.000072,0.000979,0.000023,0.006869
154200.000000,109425.934304,103610.233124,0.000000,0.000035,0.001022,0.000677,0.000000,0.000072,0.000979,0.000023,0.006874
154800.000000,109426.389456,103610.522348,0.000000,0.000035,0.001022,0.000677,0.000000,0.000072,0.000979,0.000023,0.006878
155400.000000,109427.047055,103611.189447,0.000000,0.000035,0.001022,0.000677,0.000000,0.000072,0.000979,0.000023,0.006882
156000.000000,109427.543618,103611.742536,0.000000,0.000035,0.001022,0.000677,0.000000,0.000072,0.000979,0.000023,0.006886
156600.000000,109427.895737,103611.993285,0.000000,0.000035,0.001022,0.000677,0.000000,0.000072,0.000979,0.000023,0.006891
157200.000000,109428.313456,103612.665170,0.000000,0.000034,0.001022,0.000677,0.000000,0.000072,0.000979,0.000023,0.006895
157800.000000,109428.451506,103612.930954,0.000000,0.000034,0.001022,0.000677,0.000000,0.000072,0.000979,0.000023,0.006899
158400.000000,109428.469695,103612.846522,0.000000,0.000034,0.001023,0.000677,0.000000,0.000071,0.000979,0.000023,0.006903
159000.000000,109428.603038,103612.755330,0.000000,0.000034,0.001023,0.000677,0.000000,0.000071,0.000979,0.000023,0.006907
159600.000000,109428.682844,103612.617692,0.000000,0.000034,0.001023,0.000677,0.000000,0.000071,0.000979,0.000023,0.006911
160200.000000,109429.063174,103612.768647,0.000000,0.000034,0.001023,0.000677,0.000000,0.000071,0.000979,0.000023,0.006915
160800.000000,109429.782633,103613.192696,0.000000,0.000034,0.001023,0.000677,0.000000,0.000071,0.000979,0.000023,0.006919
161400.000000,109430.480140,103613.481399,0.000000,0.000034,0.001023,0.000677,0.000000,0.000071,0.000979,0.000023,0.006923
162000.000000,109431.065337,103613.659358,0.000000,0.000034,0.001023,0.000677,0.000000,0.000071,0.000979,0.000023,0.006927
162600.000000,109431.458502,103614.514762,0.000000,0.000034,0.001023,0.000677,0.000000,0.000071,0.000979,0.000023,0.006931
163200.000000,109432.005464,103614.759588,0.000000,0.000034,0.001023,0.000677,0.000000,0.000071,0.000979,0.000023,0.006935
163800.000000,109432.176058,103615.209213,0.000000,0.000033,0.001024,0.000677,0.000000,0.000071,0.000980,0.000023,0.006939
164400.000000,109432.710445,103615.990208,0.000000,0.000033,0.001024,0.000677,0.000000,0.000070,0.000980,0.000023,0.006943
165000.000000,109433.438163,103616.564909,0.000000,0.000033,0.001024,0.000677,0.000000,0.000070,0.000980,0.000023,0.006947
165600.000000,109434.255352,103617.158986,0.000000,0.000033,0.001024,0.000676,0.000000,0.000070,0.000980,0.000023,0.006951
166200.000000,109434.981524,103617.650237,0.000000,0.000033,0.001024,0.000676,0.000000,0.000070,0.000980,0.000023,0.006955
166800.000000,109435.809442,103617.895686,0.000000,0.000033,0.001024,0.000676,0.000000,0.000070,0.000980,0.000023,0.006958
167400.000000,109436.362489,103618.392692,0.000000,0.000033,0.001024,0.000676,0.000000,0.000070,0.000980,0.000023,0.006962
168000.000000,109436.818600,103618.771472,0.000000,0.000033,0.001024,0.000676,0.000000,0.000070,0.000980,0.000023,0.006966
168600.000000,109437.642642,103619.455266,0.000000,0.000033,0.001024,0.000676,0.000000,0.000070,0.000980,0.000023,0.006970
169200.000000,109438.349378,103620.011994,0.000000,0.000033,0.001025,0.000676,0.000000,0.000070,0.000980,0.000023,0.006973
169800.000000,109439.029864,103620.466654,0.000000,0.000033,0.001025,0.000676,0.000000,0.000069,0.000980,0.000023,0.006977
170400.000000,109439.746941,103621.006398,0.000000,0.000032,0.001025,0.000676,0.000000,0.000069,0.000980,0.000023,0.006980
171000.000000,109440.895435,103621.648900,0.000000,0.000032,0.001025,0.000676,0.000000,0.000069,0.000980,0.000023,0.006984
171600.000000,109441.802649,103622.263354,0.000000,0.000032,0.001025,0.000676,0.000000,0.000069,0.000980,0.000023,0.006987
172200.000000,109442.686236,103622.874174,0.000000,0.000032,0.001025,0.000676,0.000000,0.000069,0.000980,0.000023,0.006991
172800.000000,109443.617609,103623.359225,0.000000,0.000032,0.001025,0.000676,0.000000,0.000069,0.000980,0.000023,0.006994
173400.000000,109444.314825,103623.930861,0.000000,0.000032,0.001025,0.000676,0.000000,0.000069,0.000980,0.000023,0.006998
174000.000000,109444.999850,103624.430282,0.000000,0.000032,0.001025,0.000676,0.000000,0.000069,0.000980,0.000023,0.007001
174600.000000,109445.436075,103624.919813,0.000000,0.000032,0.001025,0.000676,0.000000,0.000069,0.000980,0.000023,0.007005
175200.000000,109445.877087,103625.325136,0.000000,0.000032,0.001026,0.000676,0.000000,0.000069,0.000980,0.000023,0.007008
175800.000000,109446.091855,103625.479926,0.000000,0.000032,0.001026,0.000676,0.000000,0.000068,0.000981,0.000023,0.007011
176400.000000,109446.445251,103625.787966,0.000000,0.000032,0.001026,0.000676,0.000000,0.000068,0.000981,0.000023,0.007015
177000.000000,109446.765866,103626.113742,0.000000,0.000031,0.001026,0.000676,0.000000,0.000068,0.000981,0.000023,0.007018
177600.000000,109447.036828,103626.340395,0.000000,0.000031,0.001026,0.000676,0.000000,0.000068,0.000981,0.000023,0.007021
178200.000000,109447.152626,103626.479884,0.000000,0.000031,0.001026,0.000676,0.000000,0.000068,0.000981,0.000023,0.007025
178800.000000,109447.083726,103626.499049,0.000000,0.000031,0.001026,0.000676,0.000000,0.000068,0.000981,0.000023,0.007028
179400.000000,109446.997926,103626.438220,0.000000,0.000031,0.001026,0.000676,0.000000,0.000068,0.000981,0.000023,0.007031
180000.000000,109446.844402,103626.323877,0.000000,0.000031,0.001026,0.000676,0.000000,0.000068,0.000981,0.000023,0.007034
180600.000000,109446.656563,103626.125494,0.000000,0.000031,0.001026,0.000676,0.000000,0.000068,0.000981,0.000023,0.007037
181200.000000,109446.601707,103626.131749,0.000000,0.000031,0.001026,0.000676,0.000000,0.000068,0.000981,0.000023,0.007040
181800.000000,109446.896527,103626.218875,0.000000,0.000031,0.001027,0.000676,0.000000,0.000068,0.000981,0.000023,0.007043
182400.000000,109447.112987,103626.639450,0.000000,0.000031,0.001027,0.000676,0.000000,0.000067,0.000981,0.000023,0.007047
183000.000000,109447.108891,103626.686246,0.000000,0.000031,0.001027,0.000676,0.000000,0.000067,0.000981,0.000023,0.007050
183600.000000,109447.244958,103626.685181,0.000000,0.000031,0.001027,0.000676,0.000000,0.000067,0.000981,0.000023,0.007053
184200.000000,109447.537277,103626.697680,0.000000,0.000031,0.001027,0.000676,0.000000,0.000067,0.000981,0.000023,0.007056
184800.000000,109447.916001,103626.560295,0.000000,0.000030,0.001027,0.000676,0.000000,0.000067,0.000981,0.000023,0.007059
185400.000000,109448.405350,103626.892923,0.000000,0.000030,0.001027,0.000676,0.000000,0.000067,0.000981,0.000023,0.007062
186000.000000,109449.152203,103627.458667,0.000000,0.000030,0.001027,0.000676,0.000000,0.000067,0.000981,0.000023,0.007064
186600.000000,109449.748983,103627.982241,0.000000,0.000030,0.001027,0.000675,0.000000,0.000067,0.000981,0.000023,0.007067
187200.000000,109450.078931,103628.389705,0.000000,0.000030,0.001027,0.000675,0.000000,0.000067,0.000981,0.000023,0.007070
187800.000000,109450.251630,103628.619294,0.000000,0.000030,0.001027,0.000675,0.000000,0.000067,0.000981,0.000023,0.007073
188400.000000,109450.409412,103628.453174,0.000000,0.000030,0.001028,0.000675,0.000000,0.000066,0.000981,0.000023,0.007076
189000.000000,109450.623804,103628.713249,0.000000,0.000030,0.001028,0.000675,0.000000,0.000066,0.000981,0.000023,0.007078
189600.000000,109450.763855,103628.616458,0.000000,0.000030,0.001028,0.000675,0.000000,0.000066,0.000982,0.000023,0.007081
190200.000000,109450.787761,103628.390102,0.000000,0.000030,0.001028,0.000675,0.000000,0.000066,0.000982,0.000023,0.007084
190800.000000,109450.747801,103628.151149,0.000000,0.000030,0.001028,0.000675,0.000000,0.000066,0.000982,0.000023,0.007087
191400.000000,109451.012523,103628.388431,0.000000,0.000030,0.001028,0.000675,0.000000,0.000066,0.000982,0.000023,0.007089
192000.000000,109450.786559,103628.452953,0.000000,0.000029,0.001028,0.000675,0.000000,0.000066,0.000982,0.000023,0.007092
192600.000000,109450.684218,103628.576677,0.000000,0.000029,0.001028,0.000675,0.000000,0.000066,0.000982,0.000023,0.007095
193200.000000,109450.722765,103628.673871,0.000000,0.000029,0.001028,0.000675,0.000000,0.000066,0.000982,0.000023,0.007098
193800.000000,109450.889692,103628.668399,0.000000,0.000029,0.001028,0.000675,0.000000,0.000066,0.000982,0.000023,0.007100
194400.000000,109450.974353,103628.749291,0.000000,0.000029,0.001029,0.000675,0.000000,0.000066,0.000982,0.000023,0.007103
195000.000000,109451.085201,103628.817929,0.000000,0.000029,0.001029,0.000675,0.000000,0.000065,0.000982,0.000023,0.007105
195600.000000,109451.272917,103628.874326,0.000000,0.000029,0.001029,0.000675,0.000000,0.000065,0.000982,0.000023,0.007108
196200.000000,109451.373358,103628.843740,0.000000,0.000029,0.001029,0.000675,0.000000,0.000065,0.000982,0.000023,0.007110
196800.000000,109451.509437,103628.927274,0.000000,0.000029,0.001029,0.000675,0.000000,0.000065,0.000982,0.000023,0.007113
197400.000000,109451.617813,103628.703297,0.000000,0.000029,0.001029,0.000675,0.000000,0.000065,0.000982,0.000023,0.007115
198000.000000,109451.662571,103628.754512,0.000000,0.000029,0.001029,0.000675,0.000000,0.000065,0.000982,0.000023,0.007118
198600.000000,109451.692594,103628.859675,0.000000,0.000029,0.001029,0.000675,0.000000,0.000065,0.000982,0.000023,0.007120
199200.000000,109451.742262,103628.919977,0.000000,0.000029,0.001029,0.000675,0.000000,0.000065,0.000982,0.000023,0.007123
199800.000000,109451.891089,103629.138037,0.000000,0.000028,0.001029,0.000675,0.000000,0.000065,0.000982,0.000023,0.007125
200400.000000,109452.142715,103629.472675,0.000000,0.000028,0.001029,0.000675,0.000000,0.000065,0.000982,0.000023,0.007127
201000.000000,109452.336746,103629.785672,0.000000,0.000028,0.001030,0.000675,0.000000,0.000065,0.000982,0.000023,0.007130
201600.000000,109452.270694,103629.824669,0.000000,0.000028,0.001030,0.000675,0.000000,0.000064,0.000982,0.000023,0.007132
202200.000000,109452.165583,103629.684074,0.000000,0.000028,0.001030,0.000675,0.000000,0.000064,0.000982,0.000023,0.007134
202800.000000,109452.360654,103630.048952,0.000000,0.000028,0.001030,0.000675,0.000000,0.000064,0.000982,0.000023,0.007137
203400.000000,109452.503052,103630.351070,0.000000,0.000028,0.001030,0.000675,0.000000,0.000064,0.000982,0.000023,0.007139
204000.000000,109452.643022,103630.542728,0.000000,0.000028,0.001030,0.000675,0.000000,0.000064,0.000983,0.000023,0.007141
204600.000000,109452.661772,103630.569187,0.000000,0.000028,0.001030,0.000675,0.000000,0.000064,0.000983,0.000023,0.007143
205200.000000,109452.816244,103630.610354,0.000000,0.000028,0.001030,0.000675,0.000000,0.000064,0.000983,0.000023,0.007145
205800.000000,109452.906937,103630.648227,0.000000,0.000028,0.001030,0.000675,0.000000,0.000064,0.000983,0.000023,0.007147
206400.000000,109453.011570,103630.851936,0.000000,0.000028,0.001030,0.000675,0.000000,0.000064,0.000983,0.000023,0.007149
207000.000000,109453.118113,103630.686980,0.000000,0.000028,0.001030,0.000674,0.000000,0.000064,0.000983,0.000023,0.007151
207600.000000,109453.382707,103631.094593,0.000000,0.000027,0.001031,0.000674,0.000000,0.000063,0.000983,0.000023,0.007153
208200.000000,109453.599251,103631.385477,0.000000,0.000027,0.001031,0.000674,0.000000,0.000063,0.000983,0.000023,0.007155
208800.000000,109454.079884,103631.600997,0.000000,0.000027,0.001031,0.000674,0.000000,0.000063,0.000983,0.000023,0.007157
209400.000000,109454.322955,103631.831131,0.000000,0.000027,0.001031,0.000674,0.000000,0.000063,0.000983,0.000023,0.007159
210000.000000,109454.655610,103632.006531,0.000000,0.000027,0.001031,0.000674,0.000000,0.000063,0.000983,0.000023,0.007161
210600.000000,109455.060737,103632.128564,0.000000,0.000027,0.001031,0.000674,0.000000,0.000063,0.000983,0.000023,0.007163
211200.000000,109455.401223,103632.341735,0.000000,0.000027,0.001031,0.000674,0.000000,0.000063,0.000983,0.000023,0.007165
211800.000000,109455.516731,103632.566600,0.000000,0.000027,0.001031,0.000674,0.000000,0.000063,0.000983,0.000023,0.007166
212400.000000,109455.914544,103632.892693,0.000000,0.000027,0.001031,0.000674,0.000000,0.000063,0.000983,0.000023,0.007168
213000.000000,109456.227800,103633.045791,0.000000,0.000027,0.001031,0.000674,0.000000,0.000063,0.000983,0.000023,0.007170
213600.000000,109456.611804,103633.248675,0.000000,0.000027,0.001031,0.000674,0.000000,0.000063,0.000983,0.000023,0.007172
214200.000000,109456.845607,103633.048989,0.000000,0.000027,0.001032,0.000674,0.000000,0.000063,0.000983,0.000023,0.007174
214800.000000,109456.976226,103632.832354,0.000000,0.000027,0.001032,0.000674,0.000000,0.000062,0.000983,0.000023,0.007176
215400.000000,109457.024223,103633.220638,0.000000,0.000027,0.001032,0.000674,0.000000,0.000062,0.000983,0.000023,0.007178
216000.000000,109457.159206,103633.523818,0.000000,0.000026,0.001032,0.000674,0.000000,0.000062,0.000983,0.000023,0.007180
216600.000000,109457.457776,103633.724981,0.000000,0.000026,0.001032,0.000674,0.000000,0.000062,0.000983,0.000023,0.007181
217200.000000,109457.728410,103633.883032,0.000000,0.000026,0.001032,0.000674,0.000000,0.000062,0.000983,0.000023,0.007183
217800.000000,109457.873236,103633.899563,0.000000,0.000026,0.001032,0.000674,0.000000,0.000062,0.000983,0.000023,0.007185
218400.000000,109458.048062,103633.629152,0.000000,0.000026,0.001032,0.000674,0.000000,0.000062,0.000983,0.000023,0.007187
219000.000000,109458.168236,103633.588141,0.000000,0.000026,0.001032,0.000674,0.000000,0.000062,0.000983,0.000023,0.007189
219600.000000,109458.521379,103633.611050,0.000000,0.000026,0.001032,0.000674,0.000000,0.000062,0.000983,0.000023,0.007191
220200.000000,109458.561506,103633.511735,0.000000,0.000026,0.001032,0.000674,0.000000,0.000062,0.000983,0.000023,0.007192
220800.000000,109459.038873,103634.278782,0.000000,0.000026,0.001032,0.000674,0.000000,0.000062,0.000983,0.000023,0.007194
221400.000000,109459.204885,103634.554494,0.000000,0.000026,0.001032,0.000674,0.000000,0.000062,0.000983,0.000023,0.007196
222000.000000,109459.255886,103634.885579,0.000000,0.000026,0.001033,0.000674,0.000000,0.000062,0.000984,0.000023,0.007197
222600.000000,109459.392465,103635.517552,0.000000,0.000026,0.001033,0.000674,0.000000,0.000061,0.000984,0.000023,0.007199
223200.000000,109459.633399,103635.829499,0.000000,0.000026,0.001033,0.000674,0.000000,0.000061,0.000984,0.000023,0.007201
223800.000000,109459.780335,103636.002312,0.000000,0.000026,0.001033,0.000673,0.000000,0.000061,0.000984,0.000023,0.007202
224400.000000,109459.911663,103636.241401,0.000000,0.000026,0.001033,0.000673,0.000000,0.000061,0.000984,0.000023,0.007204
225000.000000,109460.060396,103636.372724,0.000000,0.000025,0.001033,0.000673,0.000000,0.000061,0.000984,0.000023,0.007206
225600.000000,109460.264874,103636.561254,0.000000,0.000025,0.001033,0.000673,0.000000,0.000061,0.000984,0.000023,0.007207
226200.000000,109460.502655,103636.811376,0.000000,0.000025,0.001033,0.000673,0.000000,0.000061,0.000984,0.000023,0.007209
226800.000000,109460.723773,103636.983988,0.000000,0.000025,0.001033,0.000673,0.000000,0.000061,0.000984,0.000023,0.007210
227400.000000,109460.880948,103637.131137,0.000000,0.000025,0.001033,0.000673,0.000000,0.000061,0.000984,0.000023,0.007211
228000.000000,109461.235083,103637.441900,0.000000,0.000025,0.001033,0.000673,0.000000,0.000061,0.000984,0.000023,0.007213
228600.000000,109461.789185,103637.376890,0.000000,0.000025,0.001033,0.000673,0.000000,0.000061,0.000984,0.000023,0.007214
229200.000000,109461.980436,103637.700921,0.000000,0.000025,0.001033,0.000673,0.000000,0.000061,0.000984,0.000023,0.007215
229800.000000,109462.022214,103637.866974,0.000000,0.000025,0.001033,0.000673,0.000000,0.000061,0.000984,0.000023,0.007217
230400.000000,109462.129304,103638.007300,0.000000,0.000025,0.001034,0.000673,0.000000,0.000060,0.000984,0.000023,0.007218
231000.000000,109462.254117,103638.007804,0.000000,0.000025,0.001034,0.000673,0.000000,0.000060,0.000984,0.000023,0.007219
231600.000000,109462.343123,103638.082207,0.000000,0.000025,0.001034,0.000673,0.000000,0.000060,0.000984,0.000023,0.007221
232200.000000,109462.389650,103638.176867,0.000000,0.000025,0.001034,0.000673,0.000000,0.000060,0.000984,0.000023,0.007222
232800.000000,109462.410432,103638.272726,0.000000,0.000025,0.001034,0.000673,0.000000,0.000060,0.000984,0.000023,0.007223
233400.000000,109462.544302,103638.337267,0.000000,0.000025,0.001034,0.000673,0.000000,0.000060,0.000984,0.000023,0.007225
234000.000000,109462.722245,103638.405438,0.000000,0.000025,0.001034,0.000673,0.000000,0.000060,0.000984,0.000023,0.007226
234600.000000,109462.813350,103638.527992,0.000000,0.000024,0.001034,0.000673,0.000000,0.000060,0.000984,0.000023,0.007227
235200.000000,109462.953347,103638.667491,0.000000,0.000024,0.001034,0.000673,0.000000,0.000060,0.000984,0.000023,0.007229
235800.000000,109462.846268,103638.332312,0.000000,0.000024,0.001034,0.000673,0.000000,0.000060,0.000984,0.000023,0.007230
236400.000000,109462.824897,103638.091884,0.000000,0.000024,0.001034,0.000673,0.000000,0.000060,0.000984,0.000023,0.007231
237000.000000,109462.788319,103638.120110,0.000000,0.000024,0.001034,0.000673,0.000000,0.000060,0.000984,0.000023,0.007232
237600.000000,109462.816093,103638.140056,0.000000,0.000024,0.001034,0.000673,0.000000,0.000060,0.000984,0.000023,0.007234
238200.000000,109462.864722,103638.161073,0.000000,0.000024,0.001034,0.000673,0.000000,0.000059,0.000984,0.000023,0.007235
238800.000000,109462.945307,103638.273426,0.000000,0.000024,0.001035,0.000672,0.000000,0.000059,0.000984,0.000023,0.007236
239400.000000,109462.923968,103637.671009,0.000000,0.000024,0.001035,0.000672,0.000000,0.000059,0.000984,0.000023,0.007237
240000.000000,109462.632096,103637.169959,0.000000,0.000024,0.001035,0.000672,0.000000,0.000059,0.000984,0.000023,0.007238
240600.000000,109462.773281,103637.536326,0.000000,0.000024,0.001035,0.000672,0.000000,0.000059,0.000984,0.000023,0.007239
241200.000000,109462.930030,103637.733538,0.000000,0.000024,0.001035,0.000672,0.000000,0.000059,0.000984,0.000023,0.007241
241800.000000,109463.039311,103637.860506,0.000000,0.000024,0.001035,0.000672,0.000000,0.000059,0.000984,0.000023,0.007242
242400.000000,109463.300529,103638.450132,0.000000,0.000024,0.001035,0.000672,0.000000,0.000059,0.000984,0.000023,0.007243
243000.000000,109463.601179,103638.837325,0.000000,0.000024,0.001035,0.000672,0.000000,0.000059,0.000985,0.000023,0.007244
243600.000000,109463.874863,103639.104506,0.000000,0.000024,0.001035,0.000672,0.000000,0.000059,0.000985,0.000023,0.007245
244200.000000,109464.197706,103639.250156,0.000000,0.000024,0.001035,0.000672,0.000000,0.000059,0.000985,0.000023,0.007246
244800.000000,109464.375358,103639.406061,0.000000,0.000023,0.001035,0.000672,0.000000,0.000059,0.000985,0.000023,0.007246
245400.000000,109464.561259,103639.534450,0.000000,0.000023,0.001035,0.000672,0.000000,0.000059,0.000985,0.000023,0.007247
246000.000000,109464.759700,103639.687429,0.000000,0.000023,0.001035,0.000672,0.000000,0.000058,0.000985,0.000023,0.007248
246600.000000,109465.030356,103639.823236,0.000000,0.000023,0.001036,0.000672,0.000000,0.000058,0.000985,0.000023,0.007249
247200.000000,109465.170788,103639.949576,0.000000,0.000023,0.001036,0.000672,0.000000,0.000058,0.000985,0.000023,0.007250
247800.000000,109465.086691,103639.748719,0.000000,0.000023,0.001036,0.000672,0.000000,0.000058,0.000985,0.000023,0.007251
248400.000000,109464.975754,103639.503534,0.000000,0.000023,0.001036,0.000672,0.000000,0.000058,0.000985,0.000023,0.007252
249000.000000,109464.738019,103639.456635,0.000000,0.000023,0.001036,0.000672,0.000000,0.000058,0.000985,0.000023,0.007253
249600.000000,109464.831829,103639.421265,0.000000,0.000023,0.001036,0.000672,0.000000,0.000058,0.000985,0.000023,0.007254
250200.000000,109464.840792,103639.419066,0.000000,0.000023,0.001036,0.000672,0.000000,0.000058,0.000985,0.000023,0.007255
250800.000000,109465.115467,103639.508915,0.000000,0.000023,0.001036,0.000672,0.000000,0.000058,0.000985,0.000023,0.007256
251400.000000,109465.173121,103639.592971,0.000000,0.000023,0.001036,0.000672,0.000000,0.000058,0.000985,0.000023,0.007257
252000.000000,109465.388023,103639.759336,0.000000,0.000023,0.001036,0.000672,0.000000,0.000058,0.000985,0.000023,0.007257
252600.000000,109465.597545,103639.960028,0.000000,0.000023,0.001036,0.000672,0.000000,0.000058,0.000985,0.000023,0.007258
253200.000000,109465.826492,103640.107533,0.000000,0.000023,0.001036,0.000672,0.000000,0.000058,0.000985,0.000023,0.007259
253800.000000,109466.024829,103640.177429,0.000000,0.000023,0.001036,0.000672,0.000000,0.000058,0.000985,0.000023,0.007260
254400.000000,109466.170949,103640.189198,0.000000,0.000023,0.001036,0.000672,0.000000,0.000057,0.000985,0.000023,0.007260
255000.000000,109466.286745,103640.204174,0.000000,0.000022,0.001037,0.000671,0.000000,0.000057,0.000985,0.000023,0.007261
255600.000000,109466.453466,103640.437499,0.000000,0.000022,0.001037,0.000671,0.000000,0.000057,0.000985,0.000023,0.007262
256200.000000,109466.977712,103640.684907,0.000000,0.000022,0.001037,0.000671,0.000000,0.000057,0.000985,0.000023,0.007262
256800.000000,109467.232410,103640.877647,0.000000,0.000022,0.001037,0.000671,0.000000,0.000057,0.000985,0.000023,0.007263
257400.000000,109467.445120,103640.988087,0.000000,0.000022,0.001037,0.000671,0.000000,0.000057,0.000985,0.000023,0.007264
258000.000000,109467.671994,103641.194637,0.000000,0.000022,0.001037,0.000671,0.000000,0.000057,0.000985,0.000023,0.007264
258600.000000,109467.760069,103641.444137,0.000000,0.000022,0.001037,0.000671,0.000000,0.000057,0.000985,0.000023,0.007265
259200.000000,109467.840568,103641.577513,0.000000,0.000022,0.001037,0.000671,0.000000,0.000057,0.000985,0.000023,0.007266
259800.000000,109468.034118,103641.680539,0.000000,0.000022,0.001037,0.000671,0.000000,0.000057,0.000985,0.000023,0.007266
260400.000000,109468.225665,103641.968794,0.000000,0.000022,0.001037,0.000671,0.000000,0.000057,0.000985,0.000023,0.007267
261000.000000,109468.499505,103642.122283,0.000000,0.000022,0.001037,0.000671,0.000000,0.000057,0.000986,0.000023,0.007268
261600.000000,109468.807922,103642.182767,0.000000,0.000022,0.001037,0.000671,0.000000,0.000057,0.000986,0.000023,0.007268
262200.000000,109469.222459,103642.619722,0.000000,0.000022,0.001037,0.000671,0.000000,0.000057,0.000986,0.000023,0.007269
262800.000000,109469.571546,103643.081058,0.000000,0.000022,0.001037,0.000671,0.000000,0.000057,0.000986,0.000023,0.007269
263400.000000,109470.017955,103643.186101,0.000000,0.000022,0.001037,0.000671,0.000000,0.000056,0.000986,0.000023,0.007270
264000.000000,109470.250480,103643.173049,0.000000,0.000022,0.001037,0.000671,0.000000,0.000056,0.000986,0.000023,0.007270
264600.000000,109470.400873,103642.804750,0.000000,0.000022,0.001038,0.000671,0.000000,0.000056,0.000986,0.000023,0.007271
265200.000000,109470.466962,103642.671493,0.000000,0.000022,0.001038,0.000671,0.000000,0.000056,0.000986,0.000023,0.007271
265800.000000,109470.492804,103642.635163,0.000000,0.000021,0.001038,0.000671,0.000000,0.000056,0.000986,0.000023,0.007272
266400.000000,109470.596397,103642.855647,0.000000,0.000021,0.001038,0.000671,0.000000,0.000056,0.000986,0.000023,0.007272
267000.000000,109470.630967,103642.762403,0.000000,0.000021,0.001038,0.000671,0.000000,0.000056,0.000986,0.000023,0.007273
267600.000000,109470.708782,103643.185774,0.000000,0.000021,0.001038,0.000671,0.000000,0.000056,0.000986,0.000023,0.007274
268200.000000,109470.716457,103643.341257,0.000000,0.000021,0.001038,0.000671,0.000000,0.000056,0.000986,0.000023,0.007274
268800.000000,109470.874204,103643.485273,0.000000,0.000021,0.001038,0.000671,0.000000,0.000056,0.000986,0.000023,0.007275
269400.000000,109470.988011,103643.600017,0.000000,0.000021,0.001038,0.000670,0.000000,0.000056,0.000986,0.000023,0.007275
270000.000000,109471.220967,103643.850226,0.000000,0.000021,0.001038,0.000670,0.000000,0.000056,0.000986,0.000023,0.007275
270600.000000,109471.495893,103644.247693,0.000000,0.000021,0.001038,0.000670,0.000000,0.000056,0.000986,0.000023,0.007276
271200.000000,109471.701661,103644.551972,0.000000,0.000021,0.001038,0.000670,0.000000,0.000056,0.000986,0.000023,0.007276
271800.000000,109471.722063,103644.717012,0.000000,0.000021,0.001038,0.000670,0.000000,0.000056,0.000986,0.000023,0.007277
272400.000000,109472.119776,103644.912682,0.000000,0.000021,0.001038,0.000670,0.000000,0.000055,0.000986,0.000023,0.007277
273000.000000,109472.275166,103645.008506,0.000000,0.000021,0.001038,0.000670,0.000000,0.000055,0.000986,0.000023,0.007277
273600.000000,109472.258461,103645.136851,0.000000,0.000021,0.001038,0.000670,0.000000,0.000055,0.000986,0.000023,0.007278
274200.000000,109472.393102,103645.127699,0.000000,0.000021,0.001039,0.000670,0.000000,0.000055,0.000986,0.000023,0.007278
274800.000000,109472.487499,103645.141424,0.000000,0.000021,0.001039,0.000670,0.000000,0.000055,0.000986,0.000023,0.007279
275400.000000,109472.343918,103644.916991,0.000000,0.000021,0.001039,0.000670,0.000000,0.000055,0.000986,0.000023,0.007279
276000.000000,109472.242888,103644.881443,0.000000,0.000021,0.001039,0.000670,0.000000,0.000055,0.000986,0.000023,0.007279
276600.000000,109472.383666,103644.956969,0.000000,0.000021,0.001039,0.000670,0.000000,0.000055,0.000986,0.000023,0.007280
277200.000000,109472.254988,103644.980805,0.000000,0.000021,0.001039,0.000670,0.000000,0.000055,0.000986,0.000023,0.007280
277800.000000,109472.324739,103645.026202,0.000000,0.000021,0.001039,0.000670,0.000000,0.000055,0.000986,0.000023,0.007280
278400.000000,109472.196145,103645.150076,0.000000,0.000020,0.001039,0.000670,0.000000,0.000055,0.000986,0.000023,0.007280
279000.000000,109472.179202,103645.073338,0.000000,0.000020,0.001039,0.000670,0.000000,0.000055,0.000986,0.000023,0.007281
279600.000000,109472.149743,103645.019103,0.000000,0.000020,0.001039,0.000670,0.000000,0.000055,0.000986,0.000023,0.007281
280200.000000,109472.083285,103644.916547,0.000000,0.000020,0.001039,0.000670,0.000000,0.000055,0.000987,0.000023,0.007281
280800.000000,109472.156409,103645.059011,0.000000,0.000020,0.001039,0.000670,0.000000,0.000055,0.000987,0.000023,0.007282
281400.000000,109472.328127,103645.081875,0.000000,0.000020,0.001039,0.000670,0.000000,0.000055,0.000987,0.000023,0.007282
282000.000000,109472.429259,103645.227908,0.000000,0.000020,0.001039,0.000670,0.000000,0.000054,0.000987,0.000023,0.007282
282600.000000,109472.436875,103645.288179,0.000000,0.000020,0.001039,0.000670,0.000000,0.000054,0.000987,0.000023,0.007282
283200.000000,109472.543506,103645.491571,0.000000,0.000020,0.001039,0.000669,0.000000,0.000054,0.000987,0.000023,0.007282
283800.000000,109472.663437,103645.583164,0.000000,0.000020,0.001039,0.000669,0.000000,0.000054,0.000987,0.000023,0.007283
284400.000000,109472.747748,103645.615290,0.000000,0.000020,0.001039,0.000669,0.000000,0.000054,0.000987,0.000023,0.007283
285000.000000,109472.784876,103645.575178,0.000000,0.000020,0.001040,0.000669,0.000000,0.000054,0.000987,0.000023,0.007283
285600.000000,109473.045497,103645.875972,0.000000,0.000020,0.001040,0.000669,0.000000,0.000054,0.000987,0.000023,0.007283
286200.000000,109473.179415,103645.976758,0.000000,0.000020,0.001040,0.000669,0.000000,0.000054,0.000987,0.000023,0.007283
286800.000000,109473.259252,103646.030510,0.000000,0.000020,0.001040,0.000669,0.000000,0.000054,0.000987,0.000023,0.007283
287400.000000,109473.385993,103646.102388,0.000000,0.000020,0.001040,0.000669,0.000000,0.000054,0.000987,0.000023,0.007283
288000.000000,109473.442187,103646.138643,0.000000,0.000020,0.001040,0.000669,0.000000,0.000054,0.000987,0.000023,0.007284
288600.000000,109473.505330,103646.397303,0.000000,0.000020,0.001040,0.000669,0.000000,0.000054,0.000987,0.000023,0.007284
289200.000000,109473.548992,103646.439113,0.000000,0.000020,0.001040,0.000669,0.000000,0.000054,0.000987,0.000023,0.007284
289800.000000,109473.429557,103646.369448,0.000000,0.000020,0.001040,0.000669,0.000000,0.000054,0.000987,0.000023,0.007284
290400.000000,109473.203277,103646.038303,0.000000,0.000020,0.001040,0.000669,0.000000,0.000054,0.000987,0.000023,0.007284
291000.000000,109472.994096,103645.701676,0.000000,0.000020,0.001040,0.000669,0.000000,0.000054,0.000987,0.000023,0.007284
291600.000000,109472.853051,103645.530284,0.000000,0.000019,0.001040,0.000669,0.000000,0.000053,0.000987,0.000023,0.007284
292200.000000,109472.803211,103645.431669,0.000000,0.000019,0.001040,0.000669,0.000000,0.000053,0.000987,0.000023,0.007284
292800.000000,109472.626054,103644.924266,0.000000,0.000019,0.001040,0.000669,0.000000,0.000053,0.000987,0.000023,0.007284
293400.000000,109472.589192,103644.868749,0.000000,0.000019,0.001040,0.000669,0.000000,0.000053,0.000987,0.000023,0.007284
294000.000000,109472.625481,103644.899401,0.000000,0.000019,0.001040,0.000669,0.000000,0.000053,0.000987,0.000023,0.007284
294600.000000,109472.314307,103644.792349,0.000000,0.000019,0.001040,0.000669,0.000000,0.000053,0.000987,0.000023,0.007284
295200.000000,109472.271501,103644.773907,0.000000,0.000019,0.001040,0.000669,0.000000,0.000053,0.000987,0.000023,0.007284
295800.000000,109472.198001,103644.687582,0.000000,0.000019,0.001041,0.000669,0.000000,0.000053,0.000987,0.000023,0.007284
296400.000000,109472.204833,103644.709566,0.000000,0.000019,0.001041,0.000668,0.000000,0.000053,0.000987,0.000023,0.007284
297000.000000,109472.184433,103644.673527,0.000000,0.000019,0.001041,0.000668,0.000000,0.000053,0.000987,0.000023,0.007284
297600.000000,109472.284752,103644.716939,0.000000,0.000019,0.001041,0.000668,0.000000,0.000053,0.000987,0.000023,0.007284
298200.000000,109472.404447,103644.912098,0.000000,0.000019,0.001041,0.000668,0.000000,0.000053,0.000987,0.000023,0.007284
298800.000000,109472.540970,103645.040343,0.000000,0.000019,0.001041,0.000668,0.000000,0.000053,0.000987,0.000023,0.007284
299400.000000,109472.833233,103645.506701,0.000000,0.000019,0.001041,0.000668,0.000000,0.000053,0.000987,0.000023,0.007284
300000.000000,109472.989375,103645.730090,0.000000,0.000019,0.001041,0.000668,0.000000,0.000053,0.000987,0.000023,0.007284
300600.000000,109473.127631,103645.903813,0.000000,0.000019,0.001041,0.000668,0.000000,0.000053,0.000987,0.000023,0.007283
301200.000000,109473.296903,103646.081083,0.000000,0.000019,0.001041,0.000668,0.000000,0.000052,0.000987,0.000023,0.007283
301800.000000,109473.336539,103646.282853,0.000000,0.000019,0.001041,0.000668,0.000000,0.000052,0.000987,0.000023,0.007283
302400.000000,109473.587533,103646.486605,0.000000,0.000019,0.001041,0.000668,0.000000,0.000052,0.000988,0.000023,0.007283
303000.000000,109473.864374,103646.656711,0.000000,0.000019,0.001041,0.000668,0.000000,0.000052,0.000988,0.000023,0.007283
303600.000000,109473.993596,103646.787587,0.000000,0.000019,0.001041,0.000668,0.000000,0.000052,0.000988,0.000023,0.007282
304200.000000,109474.131623,103646.853435,0.000000,0.000018,0.001041,0.000668,0.000000,0.000052,0.000988,0.000023,0.007282
304800.000000,109474.268719,103647.020476,0.000000,0.000018,0.001041,0.000668,0.000000,0.000052,0.000988,0.000023,0.007282
305400.000000,109474.417645,103647.026919,0.000000,0.000018,0.001041,0.000668,0.000000,0.000052,0.000988,0.000023,0.007282
306000.000000,109474.390179,103646.775493,0.000000,0.000018,0.001041,0.000668,0.000000,0.000052,0.000988,0.000023,0.007282
306600.000000,109474.325715,103646.642562,0.000000,0.000018,0.001042,0.000668,0.000000,0.000052,0.000988,0.000023,0.007281
307200.000000,109474.476359,103646.521665,0.000000,0.000018,0.001042,0.000668,0.000000,0.000052,0.000988,0.000023,0.007281
307800.000000,109474.586875,103646.686142,0.000000,0.000018,0.001042,0.000668,0.000000,0.000052,0.000988,0.000023,0.007281
308400.000000,109474.780459,103646.889858,0.000000,0.000018,0.001042,0.000668,0.000000,0.000052,0.000988,0.000023,0.007281
309000.000000,109474.927293,103647.055211,0.000000,0.000018,0.001042,0.000668,0.000000,0.000052,0.000988,0.000023,0.007281
309600.000000,109475.018155,103647.097901,0.000000,0.000018,0.001042,0.000668,0.000000,0.000052,0.000988,0.000023,0.007280
310200.000000,109475.009548,103647.073654,0.000000,0.000018,0.001042,0.000667,0.000000,0.000052,0.000988,0.000023,0.007280
310800.000000,109474.976025,103646.999680,0.000000,0.000018,0.001042,0.000667,0.000000,0.000052,0.000988,0.000023,0.007280
311400.000000,109474.856579,103646.993526,0.000000,0.000018,0.001042,0.000667,0.000000,0.000051,0.000988,0.000023,0.007280
312000.000000,109474.823645,103646.945882,0.000000,0.000018,0.001042,0.000667,0.000000,0.000051,0.000988,0.000023,0.007280
312600.000000,109474.891491,103647.100376,0.000000,0.000018,0.001042,0.000667,0.000000,0.000051,0.000988,0.000023,0.007279
313200.000000,109475.036515,103647.443777,0.000000,0.000018,0.001042,0.000667,0.000000,0.000051,0.000988,0.000023,0.007279
313800.000000,109475.170987,103647.569683,0.000000,0.000018,0.001042,0.000667,0.000000,0.000051,0.000988,0.000023,0.007279
314400.000000,109475.323837,103647.748886,0.000000,0.000018,0.001042,0.000667,0.000000,0.000051,0.000988,0.000023,0.007278
315000.000000,109475.515540,103648.021289,0.000000,0.000018,0.001042,0.000667,0.000000,0.000051,0.000988,0.000023,0.007278
315600.000000,109475.573891,103648.109587,0.000000,0.000018,0.001042,0.000667,0.000000,0.000051,0.000988,0.000023,0.007278
316200.000000,109475.654359,103647.995357,0.000000,0.000018,0.001042,0.000667,0.000000,0.000051,0.000988,0.000023,0.007277
316800.000000,109475.642160,103647.893936,0.000000,0.000018,0.001042,0.000667,0.000000,0.000051,0.000988,0.000023,0.007277
317400.000000,109475.676656,103647.847731,0.000000,0.000018,0.001042,0.000667,0.000000,0.000051,0.000988,0.000023,0.007277
318000.000000,109475.717461,103647.879938,0.000000,0.000017,0.001043,0.000667,0.000000,0.000051,0.000988,0.000023,0.007276
318600.000000,109475.728382,103647.881238,0.000000,0.000017,0.001043,0.000667,0.000000,0.000051,0.000988,0.000023,0.007276
319200.000000,109475.727273,103647.860003,0.000000,0.000017,0.001043,0.000667,0.000000,0.000051,0.000988,0.000023,0.007276
319800.000000,109475.771164,103647.906313,0.000000,0.000017,0.001043,0.000667,0.000000,0.000051,0.000988,0.000023,0.007275
320400.000000,109475.747525,103647.928223,0.000000,0.000017,0.001043,0.000667,0.000000,0.000051,0.000988,0.000023,0.007275
321000.000000,109475.831468,103647.958208,0.000000,0.000017,0.001043,0.000667,0.000000,0.000051,0.000988,0.000023,0.007274
321600.000000,109475.856160,103647.967190,0.000000,0.000017,0.001043,0.000667,0.000000,0.000051,0.000988,0.000023,0.007274
322200.000000,109475.954124,103648.047435,0.000000,0.000017,0.001043,0.000667,0.000000,0.000050,0.000988,0.000023,0.007273
322800.000000,109476.018977,103648.207780,0.000000,0.000017,0.001043,0.000667,0.000000,0.000050,0.000988,0.000023,0.007273
323400.000000,109476.152259,103648.394768,0.000000,0.000017,0.001043,0.000666,0.000000,0.000050,0.000988,0.000023,0.007273
324000.000000,109476.440579,103648.648787,0.000000,0.000017,0.001043,0.000666,0.000000,0.000050,0.000988,0.000023,0.007272
324600.000000,109476.701579,103648.849036,0.000000,0.000017,0.001043,0.000666,0.000000,0.000050,0.000988,0.000023,0.007272
325200.000000,109476.997036,103649.004577,0.000000,0.000017,0.001043,0.000666,0.000000,0.000050,0.000988,0.000023,0.007271
325800.000000,109477.202786,103649.090780,0.000000,0.000017,0.001043,0.000666,0.000000,0.000050,0.000988,0.000023,0.007271
326400.000000,109477.391580,103649.185446,0.000000,0.000017,0.001043,0.000666,0.000000,0.000050,0.000989,0.000023,0.007270
327000.000000,109477.554088,103649.288765,0.000000,0.000017,0.001043,0.000666,0.000000,0.000050,0.000989,0.000023,0.007270
327600.000000,109477.705356,103649.417677,0.000000,0.000017,0.001043,0.000666,0.000000,0.000050,0.000989,0.000023,0.007269
328200.000000,109477.706384,103649.606259,0.000000,0.000017,0.001043,0.000666,0.000000,0.000050,0.000989,0.000023,0.007269
328800.000000,109477.895264,103649.743164,0.000000,0.000017,0.001043,0.000666,0.000000,0.000050,0.000989,0.000023,0.007268
329400.000000,109477.898197,103649.807939,0.000000,0.000017,0.001044,0.000666,0.000000,0.000050,0.000989,0.000023,0.007268
330000.000000,109478.069653,103649.886634,0.000000,0.000017,0.001044,0.000666,0.000000,0.000050,0.000989,0.000023,0.007267
330600.000000,109478.117920,103650.002606,0.000000,0.000017,0.001044,0.000666,0.000000,0.000050,0.000989,0.000023,0.007267
331200.000000,109478.261603,103650.151384,0.000000,0.000017,0.001044,0.000666,0.000000,0.000050,0.000989,0.000023,0.007266
331800.000000,109478.366703,103650.238221,0.000000,0.000016,0.001044,0.000666,0.000000,0.000050,0.000989,0.000023,0.007265
332400.000000,109478.513720,103650.200237,0.000000,0.000016,0.001044,0.000666,0.000000,0.000050,0.000989,0.000023,0.007265
333000.000000,109478.502806,103650.265754,0.000000,0.000016,0.001044,0.000666,0.000000,0.000049,0.000989,0.000023,0.007264
333600.000000,109478.592443,103650.371279,0.000000,0.000016,0.001044,0.000666,0.000000,0.000049,0.000989,0.000023,0.007264
334200.000000,109478.548199,103650.400422,0.000000,0.000016,0.001044,0.000666,0.000000,0.000049,0.000989,0.000023,0.007263
334800.000000,109478.620076,103650.417309,0.000000,0.000016,0.001044,0.000666,0.000000,0.000049,0.000989,0.000023,0.007263
335400.000000,109478.553447,103650.451825,0.000000,0.000016,0.001044,0.000666,0.000000,0.000049,0.000989,0.000023,0.007262
336000.000000,109478.650340,103650.521492,0.000000,0.000016,0.001044,0.000666,0.000000,0.000049,0.000989,0.000023,0.007261
336600.000000,109478.639970,103650.479981,0.000000,0.000016,0.001044,0.000665,0.000000,0.000049,0.000989,0.000023,0.007261
337200.000000,109478.690833,103650.468297,0.000000,0.000016,0.001044,0.000665,0.000000,0.000049,0.000989,0.000023,0.007260
337800.000000,109478.885357,103650.439531,0.000000,0.000016,0.001044,0.000665,0.000000,0.000049,0.000989,0.000023,0.007260
338400.000000,109478.744639,103650.144916,0.000000,0.000016,0.001044,0.000665,0.000000,0.000049,0.000989,0.000023,0.007259
339000.000000,109478.680779,103649.914940,0.000000,0.000016,0.001044,0.000665,0.000000,0.000049,0.000989,0.000023,0.007258
339600.000000,109478.627284,103649.831102,0.000000,0.000016,0.001044,0.000665,0.000000,0.000049,0.000989,0.000023,0.007258
340200.000000,109478.603029,103649.731157,0.000000,0.000016,0.001044,0.000665,0.000000,0.000049,0.000989,0.000023,0.007257
340800.000000,109478.678757,103649.799492,0.000000,0.000016,0.001044,0.000665,0.000000,0.000049,0.000989,0.000023,0.007257
341400.000000,109478.612991,103649.661679,0.000000,0.000016,0.001044,0.000665,0.000000,0.000049,0.000989,0.000023,0.007256
342000.000000,109478.440957,103649.496323,0.000000,0.000016,0.001044,0.000665,0.000000,0.000049,0.000989,0.000023,0.007255
342600.000000,109478.489291,103649.576031,0.000000,0.000016,0.001044,0.000665,0.000000,0.000049,0.000989,0.000023,0.007255
343200.000000,109478.469040,103649.606324,0.000000,0.000016,0.001045,0.000665,0.000000,0.000049,0.000989,0.000023,0.007254
343800.000000,109478.668619,103649.780940,0.000000,0.000016,0.001045,0.000665,0.000000,0.000049,0.000989,0.000023,0.007253
344400.000000,109478.720715,103649.885969,0.000000,0.000016,0.001045,0.000665,0.000000,0.000048,0.000989,0.000023,0.007253
345000.000000,109478.803162,103649.635843,0.000000,0.000016,0.001045,0.000665,0.000000,0.000048,0.000989,0.000023,0.007252
345600.000000,109478.772795,103649.678680,0.000000,0.000016,0.001045,0.000665,0.000000,0.000048,0.000989,0.000023,0.007251
346200.000000,109478.684493,103649.751139,0.000000,0.000016,0.001045,0.000665,0.000000,0.000048,0.000989,0.000023,0.007251
346800.000000,109478.707674,103649.781148,0.000000,0.000016,0.001045,0.000665,0.000000,0.000048,0.000989,0.000023,0.007250
347400.000000,109478.738335,103649.861938,0.000000,0.000016,0.001045,0.000665,0.000000,0.000048,0.000989,0.000023,0.007249
348000.000000,109478.749114,103649.861700,0.000000,0.000016,0.001045,0.000665,0.000000,0.000048,0.000989,0.000023,0.007248
348600.000000,109478.669710,103649.862414,0.000000,0.000015,0.001045,0.000664,0.000000,0.000048,0.000989,0.000023,0.007248
349200.000000,109478.687664,103649.805920,0.000000,0.000015,0.001045,0.000664,0.000000,0.000048,0.000989,0.000023,0.007247
349800.000000,109478.578480,103649.581834,0.000000,0.000015,0.001045,0.000664,0.000000,0.000048,0.000989,0.000023,0.007246
350400.000000,109478.635003,103649.800531,0.000000,0.000015,0.001045,0.000664,0.000000,0.000048,0.000989,0.000023,0.007245
351000.000000,109478.709010,103649.633385,0.000000,0.000015,0.001045,0.000664,0.000000,0.000048,0.000989,0.000023,0.007245
351600.000000,109478.853654,103649.789747,0.000000,0.000015,0.001045,0.000664,0.000000,0.000048,0.000989,0.000023,0.007244
352200.000000,109479.118583,103650.165856,0.000000,0.000015,0.001045,0.000664,0.000000,0.000048,0.000989,0.000023,0.007243
352800.000000,109479.362779,103650.474007,0.000000,0.000015,0.001045,0.000664,0.000000,0.000048,0.000989,0.000023,0.007242
353400.000000,109479.628010,103650.723088,0.000000,0.000015,0.001045,0.000664,0.000000,0.000048,0.000989,0.000023,0.007241
354000.000000,109479.783270,103650.921674,0.000000,0.000015,0.001045,0.000664,0.000000,0.000048,0.000989,0.000023,0.007240
354600.000000,109480.004710,103651.109198,0.000000,0.000015,0.001045,0.000664,0.000000,0.000048,0.000989,0.000023,0.007240
355200.000000,109480.270192,103651.227213,0.000000,0.000015,0.001045,0.000664,0.000000,0.000048,0.000990,0.000023,0.007239
355800.000000,109480.476524,103651.330943,0.000000,0.000015,0.001045,0.000664,0.000000,0.000047,0.000990,0.000023,0.007238
356400.000000,109480.650220,103651.460316,0.000000,0.000015,0.001045,0.000664,0.000000,0.000047,0.000990,0.000023,0.007237
357000.000000,109480.797820,103651.523565,0.000000,0.000015,0.001045,0.000664,0.000000,0.000047,0.000990,0.000023,0.007236
357600.000000,109480.946317,103651.578331,0.000000,0.000015,0.001045,0.000664,0.000000,0.000047,0.000990,0.000023,0.007235
358200.000000,109481.196347,103651.826226,0.000000,0.000015,0.001045,0.000664,0.000000,0.000047,0.000990,0.000023,0.007235
358800.000000,109481.406162,103651.992589,0.000000,0.000015,0.001045,0.000664,0.000000,0.000047,0.000990,0.000023,0.007234
359400.000000,109481.553262,103652.054762,0.000000,0.000015,0.001046,0.000664,0.000000,0.000047,0.000990,0.000023,0.007233
360000.000000,109481.846170,103652.263596,0.000000,0.000015,0.001046,0.000664,0.000000,0.000047,0.000990,0.000023,0.007232
360600.000000,109482.156002,103652.493678,0.000000,0.000015,0.001046,0.000663,0.000000,0.000047,0.000990,0.000023,0.007231
361200.000000,109482.357197,103652.656870,0.000000,0.000015,0.001046,0.000663,0.000000,0.000047,0.000990,0.000023,0.007230
361800.000000,109482.481032,103652.728446,0.000000,0.000015,0.001046,0.000663,0.000000,0.000047,0.000990,0.000023,0.007229
362400.000000,109482.603840,103652.877515,0.000000,0.000015,0.001046,0.000663,0.000000,0.000047,0.000990,0.000023,0.007228
363000.000000,109482.764566,103653.035767,0.000000,0.000015,0.001046,0.000663,0.000000,0.000047,0.000990,0.000023,0.007228
363600.000000,109482.860758,103653.141589,0.000000,0.000015,0.001046,0.000663,0.000000,0.000047,0.000990,0.000023,0.007227
364200.000000,109482.955767,103653.184942,0.000000,0.000015,0.001046,0.000663,0.000000,0.000047,0.000990,0.000023,0.007226
364800.000000,109482.990927,103653.225131,0.000000,0.000015,0.001046,0.000663,0.000000,0.000047,0.000990,0.000023,0.007225
365400.000000,109483.065412,103653.302794,0.000000,0.000015,0.001046,0.000663,0.000000,0.000047,0.000990,0.000023,0.007224
366000.000000,109483.097156,103653.344863,0.000000,0.000015,0.001046,0.000663,0.000000,0.000047,0.000990,0.000023,0.007223
366600.000000,109483.096512,103653.364798,0.000000,0.000014,0.001046,0.000663,0.000000,0.000047,0.000990,0.000023,0.007222
367200.000000,109482.999191,103653.350303,0.000000,0.000014,0.001046,0.000663,0.000000,0.000047,0.000990,0.000023,0.007221
367800.000000,109482.926374,103653.141006,0.000000,0.000014,0.001046,0.000663,0.000000,0.000046,0.000990,0.000023,0.007220
368400.000000,109482.747899,103652.900046,0.000000,0.000014,0.001046,0.000663,0.000000,0.000046,0.000990,0.000023,0.007219
369000.000000,109482.659867,103652.905829,0.000000,0.000014,0.001046,0.000663,0.000000,0.000046,0.000990,0.000023,0.007218
369600.000000,109482.498090,103652.712123,0.000000,0.000014,0.001046,0.000663,0.000000,0.000046,0.000990,0.000023,0.007217
370200.000000,109482.397523,103652.620354,0.000000,0.000014,0.001046,0.000663,0.000000,0.000046,0.000990,0.000023,0.007216
370800.000000,109482.333948,103652.543057,0.000000,0.000014,0.001046,0.000663,0.000000,0.000046,0.000990,0.000023,0.007215
371400.000000,109482.282428,103652.346469,0.000000,0.000014,0.001046,0.000663,0.000000,0.000046,0.000990,0.000023,0.007214
372000.000000,109482.268515,103652.330270,0.000000,0.000014,0.001046,0.000663,0.000000,0.000046,0.000990,0.000023,0.007213
372600.000000,109482.258603,103652.310284,0.000000,0.000014,0.001046,0.000663,0.000000,0.000046,0.000990,0.000023,0.007212
373200.000000,109482.406227,103652.485008,0.000000,0.000014,0.001046,0.000662,0.000000,0.000046,0.000990,0.000023,0.007211
373800.000000,109482.486618,103652.560064,0.000000,0.000014,0.001046,0.000662,0.000000,0.000046,0.000990,0.000023,0.007210
374400.000000,109482.649993,103652.714068,0.000000,0.000014,0.001047,0.000662,0.000000,0.000046,0.000990,0.000023,0.007209
375000.000000,109482.820721,103652.813764,0.000000,0.000014,0.001047,0.000662,0.000000,0.000046,0.000990,0.000023,0.007208
375600.000000,109482.979297,103652.930421,0.000000,0.000014,0.001047,0.000662,0.000000,0.000046,0.000990,0.000023,0.007207
376200.000000,109483.002997,103652.600305,0.000000,0.000014,0.001047,0.000662,0.000000,0.000046,0.000990,0.000023,0.007206
376800.000000,109483.001005,103652.484586,0.000000,0.000014,0.001047,0.000662,0.000000,0.000046,0.000990,0.000023,0.007205
377400.000000,109483.043720,103652.412746,0.000000,0.000014,0.001047,0.000662,0.000000,0.000046,0.000990,0.000023,0.007204
378000.000000,109483.106143,103652.515222,0.000000,0.000014,0.001047,0.000662,0.000000,0.000046,0.000990,0.000023,0.007203
378600.000000,109483.053079,103652.397558,0.000000,0.000014,0.001047,0.000662,0.000000,0.000046,0.000990,0.000023,0.007202
379200.000000,109483.025979,103652.391582,0.000000,0.000014,0.001047,0.000662,0.000000,0.000046,0.000991,0.000023,0.007201
379800.000000,109483.002659,103652.234344,0.000000,0.000014,0.001047,0.000662,0.000000,0.000045,0.000991,0.000023,0.007200
380400.000000,109483.184596,103652.567910,0.000000,0.000014,0.001047,0.000662,0.000000,0.000045,0.000991,0.000023,0.007199
381000.000000,109483.390788,103652.688081,0.000000,0.000014,0.001047,0.000662,0.000000,0.000045,0.000991,0.000023,0.007198
381600.000000,109483.469182,103652.731584,0.000000,0.000014,0.001047,0.000662,0.000000,0.000045,0.000991,0.000023,0.007196
382200.000000,109483.551497,103652.728169,0.000000,0.000014,0.001047,0.000662,0.000000,0.000045,0.000991,0.000023,0.007195
382800.000000,109483.793769,103653.199129,0.000000,0.000014,0.001047,0.000662,0.000000,0.000045,0.000991,0.000023,0.007194
383400.000000,109483.983553,103653.364591,0.000000,0.000014,0.001047,0.000662,0.000000,0.000045,0.000991,0.000023,0.007193
384000.000000,109484.134299,103653.545483,0.000000,0.000014,0.001047,0.000662,0.000000,0.000045,0.000991,0.000023,0.007192
384600.000000,109484.233834,103653.562779,0.000000,0.000013,0.001047,0.000662,0.000000,0.000045,0.000991,0.000023,0.007191
385200.000000,109484.140100,103653.452921,0.000000,0.000013,0.001047,0.000662,0.000000,0.000045,0.000991,0.000023,0.007190
385800.000000,109484.132542,103653.356514,0.000000,0.000013,0.001047,0.000662,0.000000,0.000045,0.000991,0.000023,0.007189
386400.000000,109484.235825,103653.530401,0.000000,0.000013,0.001047,0.000661,0.000000,0.000045,0.000991,0.000023,0.007188
387000.000000,109484.286722,103653.503830,0.000000,0.000013,0.001047,0.000661,0.000000,0.000045,0.000991,0.000023,0.007186
387600.000000,109484.365521,103653.697315,0.000000,0.000013,0.001047,0.000661,0.000000,0.000045,0.000991,0.000023,0.007185
388200.000000,109484.517991,103653.868395,0.000000,0.000013,0.001047,0.000661,0.000000,0.000045,0.000991,0.000023,0.007184
388800.000000,109484.582324,103653.939195,0.000000,0.000013,0.001048,0.000661,0.000000,0.000045,0.000991,0.000023,0.007183
389400.000000,109484.591297,103653.807942,0.000000,0.000013,0.001048,0.000661,0.000000,0.000045,0.000991,0.000023,0.007182
390000.000000,109484.537210,103653.719120,0.000000,0.000013,0.001048,0.000661,0.000000,0.000045,0.000991,0.000023,0.007180
390600.000000,109484.594640,103653.779139,0.000000,0.000013,0.001048,0.000661,0.000000,0.000045,0.000991,0.000023,0.007179
391200.000000,109484.653799,103653.895632,0.000000,0.000013,0.001048,0.000661,0.000000,0.000045,0.000991,0.000023,0.007178
391800.000000,109484.790545,103654.060420,0.000000,0.000013,0.001048,0.000661,0.000000,0.000045,0.000991,0.000023,0.007177
392400.000000,109484.728596,103654.008987,0.000000,0.000013,0.001048,0.000661,0.000000,0.000045,0.000991,0.000023,0.007176
393000.000000,109484.697335,103654.018083,0.000000,0.000013,0.001048,0.000661,0.000000,0.000044,0.000991,0.000023,0.007174
393600.000000,109484.740943,103654.050803,0.000000,0.000013,0.001048,0.000661,0.000000,0.000044,0.000991,0.000023,0.007173
394200.000000,109484.750846,103654.162646,0.000000,0.000013,0.001048,0.000661,0.000000,0.000044,0.000991,0.000023,0.007172
394800.000000,109484.670868,103654.091437,0.000000,0.000013,0.001048,0.000661,0.000000,0.000044,0.000991,0.000023,0.007171
395400.000000,109484.632883,103654.062109,0.000000,0.000013,0.001048,0.000661,0.000000,0.000044,0.000991,0.000023,0.007170
396000.000000,109484.647424,103654.111304,0.000000,0.000013,0.001048,0.000661,0.000000,0.000044,0.000991,0.000023,0.007168
396600.000000,109484.825840,103654.422164,0.000000,0.000013,0.001048,0.000661,0.000000,0.000044,0.000991,0.000023,0.007167
397200.000000,109484.969385,103654.594736,0.000000,0.000013,0.001048,0.000661,0.000000,0.000044,0.000991,0.000023,0.007166
397800.000000,109485.187955,103654.821276,0.000000,0.000013,0.001048,0.000661,0.000000,0.000044,0.000991,0.000023,0.007165
398400.000000,109485.310214,103654.941958,0.000000,0.000013,0.001048,0.000661,0.000000,0.000044,0.000991,0.000023,0.007163
399000.000000,109485.413459,103655.001872,0.000000,0.000013,0.001048,0.000660,0.000000,0.000044,0.000991,0.000023,0.007162
399600.000000,109485.473555,103655.025961,0.000000,0.000013,0.001048,0.000660,0.000000,0.000044,0.000991,0.000023,0.007161
400200.000000,109485.543264,103655.023988,0.000000,0.000013,0.001048,0.000660,0.000000,0.000044,0.000991,0.000023,0.007159
400800.000000,109485.615036,103655.045529,0.000000,0.000013,0.001048,0.000660,0.000000,0.000044,0.000991,0.000023,0.007158
401400.000000,109485.625737,103655.039340,0.000000,0.000013,0.001048,0.000660,0.000000,0.000044,0.000991,0.000023,0.007157
402000.000000,109485.625626,103655.057909,0.000000,0.000013,0.001048,0.000660,0.000000,0.000044,0.000991,0.000023,0.007156
402600.000000,109485.575471,103654.916196,0.000000,0.000013,0.001048,0.000660,0.000000,0.000044,0.000991,0.000023,0.007154
403200.000000,109485.642685,103655.090297,0.000000,0.000013,0.001048,0.000660,0.000000,0.000044,0.000991,0.000023,0.007153
403800.000000,109485.680345,103655.226049,0.000000,0.000013,0.001048,0.000660,0.000000,0.000044,0.000991,0.000023,0.007152
404400.000000,109485.778597,103655.302635,0.000000,0.000012,0.001048,0.000660,0.000000,0.000044,0.000991,0.000023,0.007150
405000.000000,109485.827252,103655.354335,0.000000,0.000012,0.001048,0.000660,0.000000,0.000044,0.000992,0.000023,0.007149
405600.000000,109485.892884,103655.415889,0.000000,0.000012,0.001048,0.000660,0.000000,0.000043,0.000992,0.000023,0.007148
406200.000000,109485.792785,103655.160783,0.000000,0.000012,0.001049,0.000660,0.000000,0.000043,0.000992,0.000023,0.007146
406800.000000,109485.710401,103655.041564,0.000000,0.000012,0.001049,0.000660,0.000000,0.000043,0.000992,0.000023,0.007145
407400.000000,109485.670369,103654.952887,0.000000,0.000012,0.001049,0.000660,0.000000,0.000043,0.000992,0.000023,0.007144
408000.000000,109485.696276,103654.952313,0.000000,0.000012,0.001049,0.000660,0.000000,0.000043,0.000992,0.000023,0.007142
408600.000000,109485.775899,103654.944570,0.000000,0.000012,0.001049,0.000660,0.000000,0.000043,0.000992,0.000023,0.007141
409200.000000,109485.865819,103654.959245,0.000000,0.000012,0.001049,0.000660,0.000000,0.000043,0.000992,0.000023,0.007140
409800.000000,109485.939501,103655.043201,0.000000,0.000012,0.001049,0.000660,0.000000,0.000043,0.000992,0.000023,0.007138
410400.000000,109486.041407,103655.124312,0.000000,0.000012,0.001049,0.000660,0.000000,0.000043,0.000992,0.000023,0.007137
411000.000000,109486.138510,103655.153494,0.000000,0.000012,0.001049,0.000659,0.000000,0.000043,0.000992,0.000023,0.007136
411600.000000,109486.231777,103655.206148,0.000000,0.000012,0.001049,0.000659,0.000000,0.000043,0.000992,0.000023,0.007134
412200.000000,109486.241391,103655.139601,0.000000,0.000012,0.001049,0.000659,0.000000,0.000043,0.000992,0.000023,0.007133
412800.000000,109486.299120,103655.148491,0.000000,0.000012,0.001049,0.000659,0.000000,0.000043,0.000992,0.000023,0.007132
413400.000000,109486.330251,103655.066293,0.000000,0.000012,0.001049,0.000659,0.000000,0.000043,0.000992,0.000023,0.007130
414000.000000,109486.396153,103655.121777,0.000000,0.000012,0.001049,0.000659,0.000000,0.000043,0.000992,0.000023,0.007129
414600.000000,109486.339365,103655.015022,0.000000,0.000012,0.001049,0.000659,0.000000,0.000043,0.000992,0.000023,0.007128
415200.000000,109486.232917,103654.830540,0.000000,0.000012,0.001049,0.000659,0.000000,0.000043,0.000992,0.000023,0.007126
415800.000000,109486.260193,103654.876884,0.000000,0.000012,0.001049,0.000659,0.000000,0.000043,0.000992,0.000023,0.007125
416400.000000,109486.162271,103654.757115,0.000000,0.000012,0.001049,0.000659,0.000000,0.000043,0.000992,0.000023,0.007124
417000.000000,109486.198011,103654.767963,0.000000,0.000012,0.001049,0.000659,0.000000,0.000043,0.000992,0.000023,0.007122
417600.000000,109486.248843,103654.808510,0.000000,0.000012,0.001049,0.000659,0.000000,0.000043,0.000992,0.000023,0.007121
418200.000000,109486.527352,103655.164784,0.000000,0.000012,0.001049,0.000659,0.000000,0.000043,0.000992,0.000023,0.007120
418800.000000,109486.662426,103655.403476,0.000000,0.000012,0.001049,0.000659,0.000000,0.000042,0.000992,0.000023,0.007118
419400.000000,109486.807290,103655.470819,0.000000,0.000012,0.001049,0.000659,0.000000,0.000042,0.000992,0.000023,0.007117
420000.000000,109486.891650,103655.612802,0.000000,0.000012,0.001049,0.000659,0.000000,0.000042,0.000992,0.000023,0.007115
420600.000000,109487.016791,103655.706840,0.000000,0.000012,0.001049,0.000659,0.000000,0.000042,0.000992,0.000023,0.007114
421200.000000,109487.027964,103655.746033,0.000000,0.000012,0.001049,0.000659,0.000000,0.000042,0.000992,0.000023,0.007112
421800.000000,109487.072996,103655.752089,0.000000,0.000012,0.001049,0.000659,0.000000,0.000042,0.000992,0.000023,0.007111
422400.000000,109487.037791,103655.724962,0.000000,0.000012,0.001049,0.000659,0.000000,0.000042,0.000992,0.000023,0.007110
423000.000000,109487.076118,103655.738635,0.000000,0.000012,0.001049,0.000658,0.000000,0.000042,0.000992,0.000023,0.007108
423600.000000,109487.054391,103655.723960,0.000000,0.000012,0.001049,0.000658,0.000000,0.000042,0.000992,0.000023,0.007107
424200.000000,109486.991573,103655.553136,0.000000,0.000012,0.001049,0.000658,0.000000,0.000042,0.000992,0.000023,0.007105
424800.000000,109486.923976,103655.509007,0.000000,0.000012,0.001049,0.000658,0.000000,0.000042,0.000992,0.000023,0.007104
425400.000000,109486.877738,103655.455133,0.000000,0.000012,0.001049,0.000658,0.000000,0.000042,0.000992,0.000023,0.007103
426000.000000,109486.833856,103655.530967,0.000000,0.000012,0.001050,0.000658,0.000000,0.000042,0.000992,0.000023,0.007101
426600.000000,109486.867131,103655.767990,0.000000,0.000011,0.001050,0.000658,0.000000,0.000042,0.000992,0.000023,0.007100
427200.000000,109487.001646,103655.796662,0.000000,0.000011,0.001050,0.000658,0.000000,0.000042,0.000992,0.000023,0.007098
427800.000000,109487.157808,103656.071257,0.000000,0.000011,0.001050,0.000658,0.000000,0.000042,0.000992,0.000023,0.007097
428400.000000,109487.334126,103656.203560,0.000000,0.000011,0.001050,0.000658,0.000000,0.000042,0.000993,0.000023,0.007095
429000.000000,109487.478961,103656.424315,0.000000,0.000011,0.001050,0.000658,0.000000,0.000042,0.000993,0.000023,0.007094
429600.000000,109487.553358,103656.447698,0.000000,0.000011,0.001050,0.000658,0.000000,0.000042,0.000993,0.000023,0.007092
430200.000000,109487.577018,103656.450854,0.000000,0.000011,0.001050,0.000658,0.000000,0.000042,0.000993,0.000023,0.007091
430800.000000,109487.607637,103656.472135,0.000000,0.000011,0.001050,0.000658,0.000000,0.000042,0.000993,0.000023,0.007089
431400.000000,109487.595840,103656.438781,0.000000,0.000011,0.001050,0.000658,0.000000,0.000042,0.000993,0.000023,0.007088
432000.000000,109487.517055,103656.283511,0.000000,0.000011,0.001050,0.000658,0.000000,0.000041,0.000993,0.000023,0.007086
